Title,Year,Rating,Genre,Director(s),Box Office Revenue,Lead Actors
1. The Shawshank Redemption,1994,9.3 (3M),"Epic, Period Drama, Prison Drama, Drama","The Ink Spots, Jack Lawrence, Stephen King, Tim Robbins, Hank Williams, Andy Dufresne, Bob Gunton, Frank Darabont, Morgan Freeman","Gross worldwide$29,332,133","Bob Gunton, Morgan Freeman, Tim Robbins"
2. The Godfather,1972,9.2 (2.1M),"Epic, Gangster, Tragedy, Crime, Drama","Mario Puzo, Marlon Brando, Peter Clemenza, Al Pacino, James Caan, Francis Ford Coppola, Carmine Coppola","Gross worldwide$250,342,198","Al Pacino, Marlon Brando, James Caan"
3. The Dark Knight,2008,9.0 (3M),"Action Epic, Epic, Superhero, Tragedy, Action, Crime, Drama, Thriller","Aaron Eckhart, Michael Caine, The Joker, Jonathan Nolan, The Chechen, David S. Goyer, Christopher Nolan, Salvatore Maroni, The Pipes and Drums of the Chicago Police Department, Jack Nicholson, Christian Bale, Heath Ledger","Gross worldwide$1,009,057,329","Aaron Eckhart, Christian Bale, Heath Ledger"
4. The Godfather Part II,1974,9.0 (1.4M),"Epic, Gangster, Tragedy, Crime, Drama","Mario Puzo, Francesco Pennino, Al Pacino, Robert Duvall, Francis Ford Coppola, Michael Corleone, Robert De Niro, Livio Giorgi","Gross worldwide$47,964,222","Al Pacino, Robert De Niro, Robert Duvall"
5. 12 Angry Men,1957,9.0 (917K),"Legal Drama, Psychological Drama, Crime, Drama","Henry Fonda, Jack Warden, Lee J. Cobb, Juror #8, Juror #10, Marvin Hatley, Reginald Rose, E.G. Marshall, Juror #11, Martin Balsam, Sidney Lumet","Gross worldwide$2,945","Henry Fonda, Martin Balsam, Lee J. Cobb"
6. The Lord of the Rings: The Return of the King,2003,9.0 (2.1M),"Action Epic, Adventure Epic, Epic, Fantasy Epic, Mountain Adventure, Quest, Sword & Sorcery, Tragedy, Adventure, Drama","Aragorn, Fran Walsh, Ian McKellen, John Rhys-Davies, Howard Shore, Viggo Mortensen, Elijah Wood, Annie Lennox, Philippa Boyens, Peter Jackson, J.R.R. Tolkien","Gross worldwide$1,138,267,561","Elijah Wood, Viggo Mortensen, Ian McKellen"
7. Schindler's List,1993,9.0 (1.5M),"Docudrama, Epic, Historical Epic, Period Drama, Prison Drama, Tragedy, Biography, Drama, History","Mimi Thoma, Franz Xaver Kappus, Ben Kingsley, Mila Pfefferberg, Liam Neeson, Thomas Keneally, Oskar Schindler, Amon Göth, Steven Zaillian, Amon Goeth, Ralph Fiennes, Oskar Schima, Steven Spielberg","Gross worldwide$322,161,245","Liam Neeson, Ralph Fiennes, Ben Kingsley"
8. Pulp Fiction,1994,8.9 (2.3M),"Dark Comedy, Drug Crime, Gangster, Crime, Drama","Roger Avary, Samuel L. Jackson, Uma Thurman, Bruce Willis, Vincent, Quentin Tarantino, Nicholas Roubanis, Milton Leeds, Dick Dale & His Del-Tones, Fred Wise, Mia, Bob Russell, John Travolta","Gross worldwide$213,928,762","Uma Thurman, Samuel L. Jackson, John Travolta"
9. The Lord of the Rings: The Fellowship of the Ring,2001,8.9 (2.1M),"Action Epic, Adventure Epic, Epic, Fantasy Epic, Quest, Sword & Sorcery, Adventure, Drama, Fantasy","Fran Walsh, Chris O'Connor, Ian McKellen, Christopher Lee, David Long, Janet Roddick, David Donaldson, Gandalf, Frodo, Elijah Wood, Philippa Boyens, Peter Jackson, J.R.R. Tolkien, Orlando Bloom, Steve Roche","Gross worldwide$888,171,906","Elijah Wood, Ian McKellen, Orlando Bloom"
"10. The Good, the Bad and the Ugly",1966,8.8 (847K),"Adventure Epic, Dark Comedy, Desert Adventure, Epic, Period Drama, Quest, Spaghetti Western, Western Epic, Adventure, Western","Lee Van Cleef, Luciano Vincenzoni, Tommie Connor, Clint Eastwood, Blondie, Agenore Incrocci, Eli Wallach, Sergio Leone","Gross worldwide$25,264,999","Lee Van Cleef, Clint Eastwood, Eli Wallach"
11. Forrest Gump,1994,8.8 (2.4M),"Epic, Drama, Romance","Tom Hanks, Irving Mills, Gary Sinise, Young Man Running, Eric Roth, Hank Williams, Robert Zemeckis, Robin Wright, Winston Groom, Cliff Friend, Forrest Gump","Gross worldwide$678,226,465","Tom Hanks, Robin Wright, Gary Sinise"
12. The Lord of the Rings: The Two Towers,2002,8.8 (1.9M),"Action Epic, Adventure Epic, Dark Fantasy, Epic, Fantasy Epic, Quest, Sword & Sorcery, Adventure, Drama, Fantasy","Emiliana Torrini, Fran Walsh, Ian McKellen, Howard Shore, Viggo Mortensen, Sam, Frodo, Elijah Wood, Philippa Boyens, Peter Jackson, J.R.R. Tolkien","Gross worldwide$938,242,927","Elijah Wood, Viggo Mortensen, Ian McKellen"
13. Fight Club,1999,8.8 (2.4M),"Psychological Drama, Workplace Drama, Drama","David Fincher, Matt Winston, Tyler Durden, Edward Norton, Brad Pitt, Meat Loaf, Chuck Palahniuk, Holt McCallany, Rolfe Kent, Jim Uhls","Gross worldwide$101,321,009","Edward Norton, Brad Pitt, Meat Loaf"
14. Inception,2010,8.8 (2.7M),"Action Epic, Adventure Epic, Epic, Psychological Thriller, Sci-Fi Epic, Action, Adventure, Sci-Fi, Thriller","Cobb, Joseph Gordon-Levitt, Leonardo DiCaprio, Charles Dumont, Hans Zimmer, Michel Vaucaire, Elliot Page, Christopher Nolan, Édith Piaf","Gross worldwide$839,030,630","Joseph Gordon-Levitt, Leonardo DiCaprio, Elliot Page"
15. Star Wars: Episode V - The Empire Strikes Back,1980,8.7 (1.4M),"Action Epic, Adventure Epic, Dark Fantasy, Epic, Fantasy Epic, Globetrotting Adventure, Quest, Sci-Fi Epic, Space Sci-Fi, Sword & Sorcery","Yoda, Leigh Brackett, Carrie Fisher, Luke, George Lucas, Lawrence Kasdan, Mark Hamill, Irvin Kershner, Harrison Ford","Gross worldwide$550,016,086","Carrie Fisher, Harrison Ford, Mark Hamill"
16. The Matrix,1999,8.7 (2.1M),"Action Epic, Artificial Intelligence, Cyberpunk, Dystopian Sci-Fi, Gun Fu, Martial Arts, Sci-Fi Epic, Action, Sci-Fi","Massive Attack, Carrie-Anne Moss, Keanu Reeves, Morpheus, Lilly Wachowski, Andrew Vowles, Grant Marshall, Laurence Fishburne, Lana Wachowski, Robert Del Naja","Gross worldwide$467,841,735","Carrie-Anne Moss, Keanu Reeves, Laurence Fishburne"
17. Goodfellas,1990,8.7 (1.3M),"Docudrama, Gangster, True Crime, Biography, Crime, Drama","Ray Liotta, Tony Bennett, Richard Adler, Jerry Ross, Nicholas Pileggi, Joe Pesci, Martin Scorsese, Henry Hill, Robert De Niro","Gross worldwide$47,058,317","Joe Pesci, Ray Liotta, Robert De Niro"
18. One Flew Over the Cuckoo's Nest,1975,8.7 (1.1M),"Medical Drama, Psychological Drama, Drama","Ken Kesey, Milos Forman, Erno Rapee, Lawrence Hauben, Louise Fletcher, Michael Berryman, Lew Pollack, McMurphy, Jack Nicholson, Bo Goldman, Brad Dourif","Gross worldwide$109,115,366","Jack Nicholson, Louise Fletcher, Michael Berryman"
19. Interstellar,2014,8.7 (2.3M),"Adventure Epic, Epic, Quest, Sci-Fi Epic, Space Sci-Fi, Time Travel, Adventure, Drama, Sci-Fi","Jonathan Nolan, Cooper, Matthew McConaughey, Kip Thorne, Jessica Chastain, Anne Hathaway, Dylan Thomas, Christopher Nolan","Gross worldwide$758,464,713","Anne Hathaway, Jessica Chastain, Matthew McConaughey"
20. Se7en,1995,8.6 (1.9M),"Cop Drama, Hard-boiled Detective, Legal Drama, Police Procedural, Psychological Drama, Psychological Thriller, Serial Killer, Crime, Drama, Mystery","David Fincher, John Doe, Nine Inch Nails, David Mills, Leland Orser, Brad Pitt, Andrew Kevin Walker, Kevin Spacey, Trent Reznor, Morgan Freeman","Gross worldwide$328,971,354","Morgan Freeman, Brad Pitt, Kevin Spacey"
21. It's a Wonderful Life,1946,8.6 (525K),"Feel-Good Romance, Holiday Family, Holiday Romance, Psychological Drama, Supernatural Fantasy, Drama, Family, Fantasy, Holiday, Romance","Frances Goodrich, James Stewart, William Cool White, Frank Capra, Albert Hackett, Lionel Barrymore, Gloria Grahame, Clarence, Donna Reed","Gross worldwide$10,635,461","James Stewart, Lionel Barrymore, Donna Reed"
22. Seven Samurai,1954,8.6 (382K),"Action Epic, Epic, Period Drama, Samurai, Action, Drama","Takashi Shimura, Akira Kurosawa, Shinobu Hashimoto, Hideo Oguni, Sôjirô Motoki, Keiko Tsushima, Kambei Shimada, Toshirô Mifune","Gross worldwide$1,082,148","Takashi Shimura, Keiko Tsushima, Toshirô Mifune"
23. The Silence of the Lambs,1991,8.6 (1.6M),"Police Procedural, Psychological Drama, Psychological Horror, Psychological Thriller, Serial Killer, Slasher Horror, Crime, Drama, Horror, Thriller","Tom Petty & The Heartbreakers, Ted Tally, Anthony Hopkins, Scott Glenn, Tom Petty, Hannibal Lecter, Jodie Foster, Thomas Harris, Jonathan Demme","Gross worldwide$272,742,922","Jodie Foster, Scott Glenn, Anthony Hopkins"
24. Saving Private Ryan,1998,8.6 (1.6M),"Epic, Period Drama, War Epic, Drama, War","Tom Hanks, Edgar De Lange, Irving Mills, Robert Rodat, Duke Ellington, Matt Damon, Tom Sizemore, Mellish, Upham, Steven Spielberg","Gross worldwide$482,352,390","Tom Hanks, Tom Sizemore, Matt Damon"
25. City of God,2002,8.6 (832K),"Caper, Coming-of-Age, Gangster, Crime, Drama","Cartola, Matheus Nachtergaele, Buscapé, Fernando Meirelles, Bráulio Mantovani, Carlos Cachaça, Hermínio Bello de Carvalho, Alexandre Rodrigues, Leandro Firmino, Kátia Lund, Paulo Lins, Graziella Moretto","Gross worldwide$30,681,033","Matheus Nachtergaele, Alexandre Rodrigues, Leandro Firmino"
26. The Green Mile,1999,8.6 (1.5M),"Period Drama, Prison Drama, Supernatural Fantasy, Tragedy, Crime, Drama, Fantasy, Mystery","Tom Hanks, Michael Clarke Duncan, Stephen King, Erno Rapee, Ronald Binge, Lew Pollack, Mantovani, David Morse, Old Paul Edgecomb, Frank Darabont","Gross worldwide$286,801,374","Tom Hanks, Michael Clarke Duncan, David Morse"
27. Life Is Beautiful,1997,8.6 (773K),"Period Drama, Romantic Comedy, Tragedy, Tragic Romance, Comedy, Drama, Romance, War","Guido, Vincenzo Cerami, Giuseppe Gabetti, Giorgio Cantarini, Nicoletta Braschi, Bartolomeo, Roberto Benigni","Gross worldwide$230,099,013","Giorgio Cantarini, Nicoletta Braschi, Roberto Benigni"
28. Terminator 2: Judgment Day,1991,8.6 (1.2M),"Action Epic, Artificial Intelligence, Cyberpunk, Dystopian Sci-Fi, Sci-Fi Epic, Time Travel, Action, Adventure, Sci-Fi","Axl Rose, Linda Hamilton, Edward Furlong, Arnold Schwarzenegger, Robert Patrick, Izzy Stradlin, William Wisher, James Cameron, Guns N' Roses, The Terminator","Gross worldwide$517,778,573","Linda Hamilton, Arnold Schwarzenegger, Edward Furlong"
29. Star Wars: Episode IV - A New Hope,1977,8.6 (1.5M),"Action Epic, Adventure Epic, Epic, Fantasy Epic, Quest, Sci-Fi Epic, Space Sci-Fi, Sword & Sorcery, Action, Adventure","Carrie Fisher, George Lucas, Han Solo, Mark Hamill, Harrison Ford, Steven Spielberg","Gross worldwide$775,398,507","Carrie Fisher, Harrison Ford, Mark Hamill"
30. Back to the Future,1985,8.5 (1.4M),"High-Concept Comedy, Teen Adventure, Teen Comedy, Time Travel, Urban Adventure, Adventure, Comedy, Sci-Fi","Eric Stoltz, Huey Lewis, Lea Thompson, Chris Hayes, Bob Gale, Huey Lewis & The News, Michael J. Fox, Christopher Lloyd, Robert Zemeckis, Marty McFly, Dr. Emmett Brown, Johnny Colla","Gross worldwide$385,053,307","Michael J. Fox, Christopher Lloyd, Lea Thompson"
31. Spirited Away,2001,8.6 (900K),"Anime, Coming-of-Age, Fairy Tale, Hand-Drawn Animation, Quest, Supernatural Fantasy, Adventure, Animation, Family, Fantasy","Hayao Miyazaki, Miyu Irino, Suzanne Pleshette, Joe Hisaishi, Zeniba, Daveigh Chase","Gross worldwide$358,862,570","Miyu Irino, Suzanne Pleshette, Daveigh Chase"
32. The Pianist,2002,8.5 (961K),"Docudrama, Epic, Period Drama, Tragedy, War Epic, Biography, Drama, Music, War","Ronald Harwood, Frank Finlay, Henryk Szpilman, Thomas Kretschmann, Frédéric Chopin, Roman Polanski, Adrien Brody, Wladyslaw Szpilman","Gross worldwide$120,098,945","Adrien Brody, Thomas Kretschmann, Frank Finlay"
33. Gladiator,2000,8.5 (1.7M),"Action Epic, Adventure Epic, Epic, Period Drama, Sword & Sandal, Action, Adventure, Drama","John Logan, Ridley Scott, Maximus, Joaquin Phoenix, David Franzoni, Synaulia, William Nicholson, Russell Crowe, Walter Maioli, Connie Nielsen, Nathalie Van Ravenstein","Gross worldwide$465,516,248","Russell Crowe, Connie Nielsen, Joaquin Phoenix"
34. Parasite,2019,8.5 (1M),"Dark Comedy, Korean Drama, Psychological Thriller, Tragedy, Drama, Thriller","Song Kang-ho, Bong Joon Ho, Han Jin-won, Cho Yeo-jeong, Lee Sun-kyun, George Frideric Handel, Ki-taek","Gross worldwide$262,608,117","Song Kang-ho, Cho Yeo-jeong, Lee Sun-kyun"
35. Psycho,1960,8.5 (748K),"Dark Comedy, Psychological Horror, Psychological Thriller, Slasher Horror, Suspense Mystery, Horror, Mystery, Thriller","Anthony Perkins, Janet Leigh, Vera Miles, Norma Bates, Joseph Stefano, Bernard Herrmann, Robert Bloch, Alfred Hitchcock","Gross worldwide$32,248,065","Anthony Perkins, Vera Miles, Janet Leigh"
36. The Lion King,1994,8.5 (1.2M),"Animal Adventure, Coming-of-Age, Hand-Drawn Animation, Jungle Adventure, Adventure, Animation, Drama, Family, Fantasy, Musical","Linda Gcwensa, Faca Khulu, Phindile, Nandi Ndlovu, Philile Seme, Sindisiwe Sokhela, Terry Bradford, Hans Zimmer, Thembi Mtshali, James Langa, Luther Waters, Thembi Kubheka, Oren Waters, Abner A. Mariri, Bongani Ngcobo, Rodney Saulsberry, Julia Waters, Luyanda Jezile, Batho Mhlongo, Edie Lehmann Boddicker, Jeremy Irons, Myrna Matthews, Gugwana Dlamini, Rick Charles, Baby Cele, Bob Joyce, Tsidi Manye, Kipizane Skweyiya, Susie Stevens-Logan, Jonathan Roberts, Matoab'sane Jali, Bheki Ndlovu, Matthew Broderick, Sam Vamplew, Lucky Cele, Wendy Fraser, Maxine Waters Willard, Stella Khumalo, Roger Allers, John J West, Linda Woolverton, Skhumbuzo Kubheka, Yvonne Williams, Tim Rice, Bobbi Page, Sphiwe Khanyile, Zolile Zulu, Rob Minkoff, Scar, Kevin Dorsey, Ron Kunene, Elton John, Carmen Twillie, Terry Young, Lebo M., Vusi Mhlongo, Clydene Jackson, Johnny Britt, Alfie Silas, James Earl Jones, Khanyo Maphumulo, Rick Riso, Nini Nkosi, Nonhlanhla Mkhize, Happy Skhakhane, Maxi Anderson, Rick Logan, Frank Welker, Khuluiwe Sithole, Thandazile, Faith Kekana, Irene Mecchi","Gross worldwide$979,161,373","James Earl Jones, Jeremy Irons, Matthew Broderick"
37. Grave of the Fireflies,1988,8.5 (343K),"Adult Animation, Anime, Hand-Drawn Animation, Period Drama, Animation, Drama, War","Tsutomu Tatsumi, Akiyuki Nosaka, Isao Takahata, Seita, Akemi Yamaguchi, Ayano Shiraishi, H.R. Bishop, Amelita Galli-Curci","Gross worldwide$839,052","Tsutomu Tatsumi, Akemi Yamaguchi, Ayano Shiraishi"
38. The Departed,2006,8.5 (1.5M),"Cop Drama, Epic, Gangster, Crime, Drama, Thriller","Felix Chong, Matt Damon, Dignam, William Monahan, Leonardo DiCaprio, Mick Jagger, Keith Richards, The Rolling Stones, Police Camera Tech, Alan Mak, Martin Scorsese, Jack Nicholson","Gross worldwide$291,481,358","Matt Damon, Leonardo DiCaprio, Jack Nicholson"
39. Whiplash,2014,8.5 (1.1M),"Psychological Drama, Drama, Music","Damien Chazelle, Miles Teller, Melissa Benoist, Terence Fletcher, Justin Hurwitz, J.K. Simmons","Gross worldwide$50,360,880","Melissa Benoist, Miles Teller, J.K. Simmons"
40. Harakiri,1962,8.6 (78K),"Period Drama, Drama, Mystery","Yasuhiko Takiguchi, Shinobu Hashimoto, Shima Iwashita, Hanshiro Tsugumo, Masaki Kobayashi, Tatsuya Nakadai, Akira Ishihama","Gross worldwide$15,222","Tatsuya Nakadai, Shima Iwashita, Akira Ishihama"
41. American History X,1998,8.5 (1.2M),"Prison Drama, Tragedy, Crime, Drama","Tom Hanks, Edward Furlong, William Steffe, Edward Norton, Derek Vinyard, Ethan Suplee, David McKenna, Bob Sweeney, Julia Ward Howe, Beverly D'Angelo, Tony Kaye","Gross worldwide$23,875,714","Edward Norton, Edward Furlong, Beverly D'Angelo"
42. The Prestige,2006,8.5 (1.5M),"Period Drama, Steampunk, Tragedy, Drama, Mystery, Sci-Fi, Thriller","Jonathan Nolan, Christopher Nolan, Cutter, Christopher Priest, Keith Nichols, Hugh Jackman, Scarlett Johansson, Christian Bale","Gross worldwide$109,676,311","Hugh Jackman, Scarlett Johansson, Christian Bale"
43. Léon: The Professional,1994,8.5 (1.3M),"Gangster, One-Person Army Action, Action, Crime, Drama, Thriller","Natalie Portman, Gary Oldman, Mathilda, Luc Besson, Sting, Jean Reno, Dominic Miller, Léon","Gross worldwide$20,278,989","Natalie Portman, Jean Reno, Gary Oldman"
44. Spider-Man: Across the Spider-Verse,2023,8.5 (443K),"Computer Animation, Superhero, Supernatural Fantasy, Teen Adventure, Urban Adventure, Action, Adventure, Animation, Family, Fantasy","Christopher Miller, Coi Leray, Metro Boomin, Preston Mutanga, Joaquim Dos Santos, Phil Lord, Prince 85, Justin K. Thompson, Shameik Moore, Brittany Talia Hazzard, Dre Moon, Johan Lenox, Spider-Man India, Miles Morales, Dave Callaham, Hailee Steinfeld, Kemp Powers, Brian Tyree Henry","Gross worldwide$690,824,738","Shameik Moore, Hailee Steinfeld, Brian Tyree Henry"
45. Casablanca,1942,8.5 (628K),"Drama, Romance, War","Julius J. Epstein, Ingrid Bergman, Max Steiner, Howard Koch, Humphrey Bogart, Claude Joseph Rouget de Lisle, Paul Henreid, Michael Curtiz, Captain Renault, Madeleine Lebeau, Philip G. Epstein, Rick","Gross worldwide$4,727,083","Paul Henreid, Humphrey Bogart, Ingrid Bergman"
46. The Usual Suspects,1995,8.5 (1.2M),"Caper, Gangster, Heist, Psychological Drama, Psychological Thriller, Suspense Mystery, Whodunnit, Crime, Drama, Mystery","Verbal, Christopher McQuarrie, Chazz Palminteri, Claude Debussy, Bryan Singer, Gabriel Byrne, Kevin Spacey, Jon Kull","Gross worldwide$23,341,568","Gabriel Byrne, Chazz Palminteri, Kevin Spacey"
47. The Intouchables,2011,8.5 (971K),"Docudrama, Comedy, Drama","Omar Sy, Allee Willis, Anne Le Ny, Philippe, Olivier Nakache, Maurice White, Earth Wind & Fire, François Cluzet, Philippe Pozzo di Borgo, Al McKay, Éric Toledano","Gross worldwide$426,590,315","Omar Sy, François Cluzet, Anne Le Ny"
48. Cinema Paradiso,1988,8.5 (299K),"Coming-of-Age, Drama, Romance","Alfredo, Philippe Noiret, Antonella Attili, Ennio Morricone, Vanna Paoli, Enzo Cannavale, Salvatore, Giuseppe Tornatore","Gross worldwide$13,020,497","Enzo Cannavale, Philippe Noiret, Antonella Attili"
49. Modern Times,1936,8.5 (271K),"Romantic Comedy, Satire, Slapstick, Comedy, Drama, Romance","A gamin, Charles Chaplin, A factory worker, Paulette Goddard, Henry Bergman","Gross worldwide$463,618","Henry Bergman, Paulette Goddard, Charles Chaplin"
50. Alien,1979,8.5 (1M),"Alien Invasion, Cyberpunk, Monster Horror, Space Sci-Fi, Horror, Sci-Fi","Sigourney Weaver, Ridley Scott, John Hurt, Yaphet Kotto, Tom Skerritt, Ripley, Ronald Shusett, Dan O'Bannon, Howard Hanson","Gross worldwide$108,610,231","Tom Skerritt, Sigourney Weaver, John Hurt"
51. Rear Window,1954,8.5 (543K),"Psychological Thriller, Suspense Mystery, Drama, Mystery, Thriller","James Stewart, Leonard Bernstein, Wendell Corey, Stella, L.B. Jefferies, John Michael Hayes, Cornell Woolrich, Grace Kelly, Alfred Hitchcock","Gross worldwide$37,905,475","James Stewart, Grace Kelly, Wendell Corey"
52. Once Upon a Time in the West,1968,8.5 (366K),"Desert Adventure, Epic, Spaghetti Western, Western Epic, Drama, Western","Henry Fonda, Claudia Cardinale, Harmonica, Snaky, Charles Bronson, Frederick Edward Weatherly, Sergio Donati, Sergio Leone, Dario Argento, Simonetta Santaniello","Gross worldwide$5,435,312","Henry Fonda, Claudia Cardinale, Charles Bronson"
53. Django Unchained,2012,8.5 (1.8M),"Dark Comedy, Epic, Period Drama, Western Epic, Western","Jamie Foxx, Robert Mellin, Leonardo DiCaprio, Dr. King Schultz, Django, Kerry Washington, Franco Migliacci, Bruno Nicolai, Rocky Roberts, Christoph Waltz, Quentin Tarantino, Luis Bacalov","Gross worldwide$426,076,293","Leonardo DiCaprio, Christoph Waltz, Jamie Foxx"
54. City Lights,1931,8.5 (206K),"Feel-Good Romance, Romantic Comedy, Satire, Slapstick, Comedy, Drama, Romance","The Tramp, Virginia Cherrill, Charles Chaplin, Georgia Hale, José Padilla, Florence Lee, Harry Carr, Harry Crocker, A Blind Girl","Gross worldwide$55,154","Virginia Cherrill, Florence Lee, Charles Chaplin"
55. Apocalypse Now,1979,8.4 (737K),"Adventure Epic, Epic, Hard-boiled Detective, Psychological Drama, Quest, Suspense Mystery, War Epic, Drama, Mystery, War","Marlon Brando, Vittorio Storaro, Kurtz, Jim Morrison, Michael Herr, The Doors, Francis Ford Coppola, Robert Duvall, Robby Krieger, Martin Sheen, John Densmore, Ray Manzarek, John Milius","Gross worldwide$105,086,099","Martin Sheen, Marlon Brando, Robert Duvall"
56. Dune: Part Two,2024,8.5 (612K),"Action Epic, Desert Adventure, Epic, Sci-Fi Epic, Space Sci-Fi, Action, Adventure, Drama, Sci-Fi","Paul Atreides, Timothée Chalamet, Rebecca Ferguson, Jon Spaihts, Denis Villeneuve, Hans Zimmer, Stellan Skarsgård, Frank Herbert, Stilgar, Gurney Halleck, Zendaya","Gross worldwide$714,644,358","Timothée Chalamet, Zendaya, Rebecca Ferguson"
57. Memento,2000,8.4 (1.4M),"Psychological Thriller, Suspense Mystery, Mystery, Thriller","Leonard Shelby, Jonathan Nolan, Reeves Gabrels, Carrie-Anne Moss, David Bowie, Joe Pantoliano, Guy Pearce, Christopher Nolan","Gross worldwide$40,047,236","Carrie-Anne Moss, Joe Pantoliano, Guy Pearce"
58. WALL·E,2008,8.4 (1.3M),"Adventure Epic, Artificial Intelligence, Computer Animation, Dystopian Sci-Fi, Space Sci-Fi, Adventure, Animation, Family, Sci-Fi","Ben Burtt, Pete Docter, Jim Reardon, Jerry Herman, WALL.E, EVE, Elissa Knight, Andrew Stanton, Jeff Garlin","Gross worldwide$527,403,656","Elissa Knight, Ben Burtt, Jeff Garlin"
59. Raiders of the Lost Ark,1981,8.4 (1.1M),"Adventure Epic, Desert Adventure, Globetrotting Adventure, Quest, Action, Adventure","W.S. Gilbert, Marion, John Rhys-Davies, Philip Kaufman, Paul Freeman, Arthur Sullivan, George Lucas, Indiana, Lawrence Kasdan, Karen Allen, Harrison Ford, Steven Spielberg","Gross worldwide$389,925,971","Karen Allen, Paul Freeman, Harrison Ford"
60. The Lives of Others,2006,8.4 (425K),"Political Thriller, Psychological Drama, Spy, Drama, Mystery, Thriller","Joachim-Franz Bartzsch, Hauptmann Gerd Wiesler, Florian Henckel von Donnersmarck, Ulrich Mühe, Sebastian Koch, Buchverkäufer, Kurt Demmler, Martina Gedeck","Gross worldwide$77,672,685","Martina Gedeck, Sebastian Koch, Ulrich Mühe"
61. Avengers: Infinity War,2018,8.4 (1.3M),"Space Sci-Fi, Superhero, Action, Adventure, Sci-Fi","Rocket Raccoon, Stephen McFeely, Christopher Markus, Mark Ruffalo, Chris Hemsworth, Thom Bell, The Spinners, Thor, Robert Downey Jr., Tom Holland, Stan Lee, Anthony Russo, Linda Creed, Joe Russo","Gross worldwide$2,052,415,039","Mark Ruffalo, Chris Hemsworth, Robert Downey Jr."
62. Sunset Boulevard,1950,8.4 (247K),"Dark Comedy, Film Noir, Psychological Drama, Showbiz Drama, Tragedy, Drama","Joe Gillis, Roscoe 'Fatty' Arbuckle, Billy Wilder, Charles Brackett, William Holden, Erich von Stroheim, Jay Livingston, Gloria Swanson, D.M. Marshman Jr., Ray Evans, Norma Desmond","Gross worldwide$309,467","Gloria Swanson, William Holden, Erich von Stroheim"
63. Spider-Man: Into the Spider-Verse,2018,8.4 (721K),"Computer Animation, Superhero, Supernatural Fantasy, Teen Adventure, Urban Adventure, Action, Adventure, Animation, Comedy, Family","Rodney Rothman, Jake Johnson, Stan, Steve Ditko, Phil Lord, James Brown, Bob Persichetti, Shameik Moore, Fred Wesley, Stan Lee, Peter Ramsey, Hailee Steinfeld, St. Clair Pinckney","Gross worldwide$393,602,435","Jake Johnson, Shameik Moore, Hailee Steinfeld"
64. Paths of Glory,1957,8.4 (225K),"Epic, Psychological Drama, War Epic, Drama, War","Ralph Meeker, Calder Willingham, Kirk Douglas, Pvt. Pierre Arnaud, Claude Joseph Rouget de Lisle, Francisco Franco, Adolphe Menjou, Stanley Kubrick, Jim Thompson","Gross worldwide$8,290","Adolphe Menjou, Ralph Meeker, Kirk Douglas"
65. Witness for the Prosecution,1957,8.4 (149K),"Legal Drama, Legal Thriller, Whodunnit, Crime, Drama, Mystery, Thriller","Maurice Zolotow, Sir Wilfrid, Billy Wilder, Jack Brooks, Tyrone Power, Marlene Dietrich, Harry Kurnitz, Agatha Christie, Charles Laughton, Ralph Arthur Roberts","Gross worldwide$7,903","Charles Laughton, Tyrone Power, Marlene Dietrich"
66. The Shining,1980,8.4 (1.2M),"Dark Comedy, Psychological Drama, Psychological Horror, Supernatural Horror, Drama, Horror","Shelley Duvall, Hector Berlioz, Stephen King, Jack Torrance, Diane Johnson, Tony Burton, Anne Jackson, Stanley Kubrick, Rachel Elkind, Wendy Carlos, Jack Nicholson, Danny Lloyd","Gross worldwide$47,962,534","Jack Nicholson, Danny Lloyd, Shelley Duvall"
67. The Great Dictator,1940,8.4 (248K),"Parody, Satire, Slapstick, Comedy, Drama, War","Adolf Hitler, Charles Chaplin, Mr. Jaeckel, Jack Oakie, Benito Mussolini, Hannah, Paulette Goddard, A Jewish Barber, Johannes Brahms","Gross worldwide$972,212","Jack Oakie, Paulette Goddard, Charles Chaplin"
68. 12th Fail,2023,8.8 (144K),"Docudrama, Biography, Drama","Manoj Sharma, Anurag Pathak, Anant Joshi, Vidhu Vinod Chopra, Medha Shankr, Vikrant Massey, Jaskunwar Kohli","Gross worldwide$138,288","Anant Joshi, Medha Shankr, Vikrant Massey"
69. Aliens,1986,8.4 (804K),"Alien Invasion, Cyberpunk, Monster Horror, Space Sci-Fi, Survival, Tragedy, Action, Adventure, Horror, Sci-Fi","Sigourney Weaver, Carrie Henn, Private Vasquez, Lance Henriksen, Private Hudson, James Cameron, Walter Hill, David Giler, Michael Biehn","Gross worldwide$131,060,248","Michael Biehn, Carrie Henn, Sigourney Weaver"
70. Inglourious Basterds,2009,8.4 (1.7M),"Dark Comedy, Period Drama, Adventure, Drama, War","Diane Kruger, Eli Roth, The Nick Perito Orchestra, Lt. Aldo Raine, Dimitri Tiomkin, Brad Pitt, Lawrence Bender, Paul Francis Webster, Pfc. Omar Ulmer, Christoph Waltz, Quentin Tarantino","Gross worldwide$321,460,744","Diane Kruger, Eli Roth, Brad Pitt"
71. The Dark Knight Rises,2012,8.4 (1.9M),"Action Epic, Epic, Superhero, Action, Drama, Thriller","Marlon Brando, Jonathan Nolan, Minnesota Orchestra, Batman, Maurice Ravel, David S. Goyer, Christopher Nolan, Stanislaw Skrowaczewski, Bryan Singer, Jim Gordon, Anne Hathaway, Tom Hardy, Christian Bale, Heath Ledger","Gross worldwide$1,114,976,407","Anne Hathaway, Tom Hardy, Christian Bale"
72. Coco,2017,8.4 (642K),"Computer Animation, Supernatural Fantasy, Adventure, Animation, Drama, Family, Fantasy, Music, Mystery","Matthew Aldrich, Kristen Anderson-Lopez, Germaine Franco, Adrian Molina, Anthony Gonzalez, Gael García Bernal, Ana Ofelia Murguía, Benjamin Bratt, Héctor, Lee Unkrich, Jason Katz, Robert Lopez, Libertad García Fonzi","Gross worldwide$814,641,172","Anthony Gonzalez, Benjamin Bratt, Gael García Bernal"
73. Amadeus,1984,8.4 (446K),"Costume Drama, Epic, Period Drama, Tragedy, Biography, Drama, Music","Lorenzo da Ponte, Elizabeth Berridge, Antonio Salieri, Tom Hulce, Robin Leggate, Alexander Oliver, The Academy of St. Martin-in-the-Fields, Milos Forman, Peter Shaffer, Wolfgang Amadeus Mozart, Deborah Rees, Neville Marriner, Willard White, Felicity Lott, Richard Stilwell, Zdenek Mahler, John Tomlinson, F. Murray Abraham, Samuel Ramey, Anne Howells, Isobel Buchanan, Frantisek Tomasek","Gross worldwide$52,110,293","Tom Hulce, Elizabeth Berridge, F. Murray Abraham"
74. Toy Story,1995,8.3 (1.1M),"Buddy Comedy, Computer Animation, Supernatural Fantasy, Urban Adventure, Adventure, Animation, Comedy, Family, Fantasy","Tom Hanks, John Lasseter, Pete Docter, Tim Allen, Randy Newman, Buzz, Woody, Andrew Stanton, Don Rickles","Gross worldwide$394,436,586","Tom Hanks, Don Rickles, Tim Allen"
75. Avengers: Endgame,2019,8.4 (1.3M),"Space Sci-Fi, Superhero, Time Travel, Tragedy, Action, Adventure, Sci-Fi","Jim Capaldi, Traffic, Stephen McFeely, Christopher Markus, Mark Ruffalo, Chris Evans, Steve Winwood, Natasha Romanoff, Clint Barton, Robert Downey Jr., Stan Lee, Anthony Russo, Chris Wood, Joe Russo","Gross worldwide$2,799,439,100","Mark Ruffalo, Chris Evans, Robert Downey Jr."
76. Good Will Hunting,1997,8.3 (1.1M),"Coming-of-Age, Psychological Drama, Drama, Romance","Robin Williams, The Wolfetones, Will, Ben Affleck, Matt Damon, Sean, Gus Van Sant","Gross worldwide$225,933,435","Matt Damon, Robin Williams, Ben Affleck"
77. Oldboy,2003,8.3 (673K),"Dark Comedy, One-Person Army Action, Psychological Drama, Psychological Thriller, Action, Drama, Mystery, Thriller","Garon Tsuchiya, Woo-jin Lee, Park Chan-wook, Yoo Ji-tae, Starsailor, Choi Min-sik, Kang Hye-jeong, Nobuaki Minegishi","Gross worldwide$17,592,355","Yoo Ji-tae, Choi Min-sik, Kang Hye-jeong"
78. Dr. Strangelove or: How I Learned to Stop Worrying and Love the Bomb,1964,8.3 (536K),"Dark Comedy, Farce, Political Drama, Satire, Tragedy, Comedy, War","Reginald Connelly, Laurie Johnson, George C. Scott, Jimmy Campbell, Stanley Kubrick, Peter George, Peter Sellers, Peter Bull, Sterling Hayden, Harry M. Woods, President Merkin Muffley, Terry Southern","Gross worldwide$9,631,984","Sterling Hayden, George C. Scott, Peter Sellers"
79. American Beauty,1999,8.3 (1.2M),"Psychological Drama, Tragedy, Drama","Tom Cruise, Thora Birch, Annette Bening, Lester Burnham, Paul McCartney, Alan Ball, Elliott Smith, Kevin Spacey, Mena Suvari, John Lennon, Nicole Kidman, Sam Mendes","Gross worldwide$356,296,601","Annette Bening, Thora Birch, Kevin Spacey"
80. Das Boot,1981,8.4 (278K),"Epic, War Epic, Drama, War","Captain, Wolfgang Petersen, Sebastian Iradier, Lothar G. Buchheim, Herbert Grönemeyer, Klaus Wennemann, Jürgen Prochnow, Michael Jary, Rosita Serrano, Lt. Werner","Gross worldwide$11,488,778","Klaus Wennemann, Herbert Grönemeyer, Jürgen Prochnow"
81. Braveheart,1995,8.3 (1.1M),"Action Epic, Costume Drama, Epic, Period Drama, War Epic, Biography, Drama, War","William Wallace, Randall Wallace, Mel Gibson, Veteran, Patrick McGoohan, Young Soldier, Sophie Marceau","Gross worldwide$213,216,216","Sophie Marceau, Mel Gibson, Patrick McGoohan"
82. Princess Mononoke,1997,8.3 (455K),"Action Epic, Adult Animation, Adventure Epic, Anime, Dark Fantasy, Fantasy Epic, Hand-Drawn Animation, Quest, Adventure, Animation","Yûko Tanaka, Yoshikazu Mera, Hayao Miyazaki, Yuriko Ishida, Harvey Weinstein, Joe Hisaishi, Hiroshi Kumagai, Yôji Matsuda, Tokyo City Philharmonic Orchestra, Toshio Suzuki","Gross worldwide$170,518,820","Yûko Tanaka, Yôji Matsuda, Yuriko Ishida"
83. Your Name.,2016,8.4 (351K),"Anime, Shōjo, Animation, Drama, Fantasy, Romance","Ryûnosuke Kamiki, Ryo Narita, Hitoha Miyamizu, Makoto Shinkai, Mone Kamishiraishi, Youjirou Noda, Radwimps","Gross worldwide$405,340,703","Ryûnosuke Kamiki, Ryo Narita, Mone Kamishiraishi"
84. High and Low,1963,8.4 (59K),"Police Procedural, Crime, Drama, Mystery, Thriller","Akira Kurosawa, Hideo Oguni, Eijirô Hisaita, Yutaka Sada, Yumi Shirakawa, Kingo Gondo, Kazuko Kurosawa, Toshirô Mifune, Tatsuya Nakadai, Ginjirô Takeuchi, medical intern, Ryûzô Kikushima","Gross worldwide$64,277","Toshirô Mifune, Tatsuya Nakadai, Yutaka Sada"
85. 3 Idiots,2009,8.4 (455K),"Buddy Comedy, Coming-of-Age, Quirky Comedy, Comedy, Drama","Rancho, Shaan, Mona Singh, Swanand Kirkire, Vidhu Vinod Chopra, Rajkumar Hirani, Machine Class Professor, Aamir Khan, Madhavan, Shantanu Moitra, Sonu Nigam, Abhijat Joshi","Gross worldwide$60,262,836","Mona Singh, Aamir Khan, Madhavan"
86. Joker,2019,8.3 (1.6M),"Psychological Drama, Psychological Thriller, Tragedy, Crime, Drama, Thriller","Scott Silver, Arthur Fleck, Joaquin Phoenix, Bob Kane, Zazie Beetz, Todd Phillips, Claude Bolling, Robert De Niro","Gross worldwide$1,078,958,629","Zazie Beetz, Robert De Niro, Joaquin Phoenix"
87. Once Upon a Time in America,1984,8.3 (392K),"Dark Comedy, Epic, Gangster, Period Drama, Crime, Drama","Joey Faye, Irving Berlin, Kate Smith, Harry Grey, Nino Baragli, Elizabeth McGovern, Noodles, Piero De Bernardi, James Woods, Leonardo Benvenuti, Sergio Leone, Robert De Niro","Gross worldwide$5,476,126","Elizabeth McGovern, Robert De Niro, James Woods"
88. Capernaum,2018,8.4 (115K),Drama,"Boluwatife Treasure Bankole, Nadine Labaki, Zain, Michelle Keserwany, Jihad Hojeily, Yordanos Shiferaw, Zain Al Rafeea","Gross worldwide$64,417,003","Boluwatife Treasure Bankole, Zain Al Rafeea, Yordanos Shiferaw"
89. Singin' in the Rain,1952,8.3 (271K),"Classic Musical, Feel-Good Romance, Jukebox Musical, Romantic Comedy, Satire, Comedy, Musical, Romance","Stanley Donen, Debbie Reynolds, Arthur Freed, Cyd Charisse, Betty Comden, Al Hoffman, Al Goodhart, Cosmo Brown, Gene Kelly, Adolph Green, Donald O'Connor","Gross worldwide$2,094,272","Gene Kelly, Debbie Reynolds, Donald O'Connor"
90. Come and See,1985,8.3 (110K),"Epic, Period Drama, Tragedy, War Epic, Drama, Thriller, War","Flyora Gaishun, Ales Adamovich, Elem Klimov, Richard Wagner, Aleksey Kravchenko, Liubomiras Laucevicius, Olga Mironova","Gross worldwide$20,929,648","Aleksey Kravchenko, Olga Mironova, Liubomiras Laucevicius"
91. Requiem for a Dream,2000,8.3 (933K),"Psychological Drama, Tragedy, Drama","Sara Goldfarb, Matthew Libatique, Harry Goldfarb, Tico Torres, Darren Aronofsky, Jared Leto, Jennifer Connelly, Brian Emrich, Ellen Burstyn, Hubert Selby Jr.","Gross worldwide$7,391,471","Ellen Burstyn, Jennifer Connelly, Jared Leto"
92. Toy Story 3,2010,8.3 (925K),"Computer Animation, Supernatural Fantasy, Urban Adventure, Adventure, Animation, Comedy, Family, Fantasy","Tom Hanks, John Lasseter, Tim Allen, Joan Cusack, Randy Newman, Woody, Lee Unkrich, Andrew Stanton, Mitchell Froom","Gross worldwide$1,067,316,101","Tom Hanks, Joan Cusack, Tim Allen"
93. Star Wars: Episode VI - Return of the Jedi,1983,8.3 (1.2M),"Action Epic, Adventure Epic, Dark Fantasy, Epic, Fantasy Epic, Globetrotting Adventure, Quest, Sci-Fi Epic, Space Sci-Fi, Sword & Sorcery","Warwick Davis, Ernie Fosselius, Annie Arbogast, Michele Gruska, John Williams, Joseph Williams, Carrie Fisher, Anakin Skywalker, Richard Marquand, George Lucas, Lawrence Kasdan, Luke Skywalker, Mark Hamill, Harrison Ford","Gross worldwide$482,466,382","Carrie Fisher, Harrison Ford, Mark Hamill"
94. The Hunt,2012,8.3 (385K),"Psychological Drama, Tragedy, Drama","Thomas Bo Larsen, Thomas Vinterberg, Lucas, Theo, Van Morrison, Annika Wedderkopp, Agnes, Tobias Lindholm, Mads Mikkelsen","Gross worldwide$15,886,373","Thomas Bo Larsen, Annika Wedderkopp, Mads Mikkelsen"
95. Eternal Sunshine of the Spotless Mind,2004,8.3 (1.1M),"Dark Romance, Psychological Drama, Drama, Romance, Sci-Fi","Michel Gondry, Clementine Kruczynski, Pierre Bismuth, Joel Barish, Mark Ruffalo, Tom Wilkinson, Beck, James Warren, Elijah Wood, Jon Brion, Jim Carrey, Charlie Kaufman, Kate Winslet","Gross worldwide$73,384,095","Jim Carrey, Tom Wilkinson, Kate Winslet"
96. Ikiru,1952,8.3 (95K),"Psychological Drama, Tragedy, Drama","Takashi Shimura, Akira Kurosawa, Shinobu Hashimoto, Vincent Scotto, Hideo Oguni, Nobuo Kaneko, Georges Koger, Josephine Baker, Henri Varna, Kanji, Shin'ichi Himori","Gross worldwide$113,821","Takashi Shimura, Nobuo Kaneko, Shin'ichi Himori"
97. 2001: A Space Odyssey,1968,8.3 (749K),"Adventure Epic, Artificial Intelligence, Epic, Psychological Drama, Sci-Fi Epic, Space Sci-Fi, Adventure, Sci-Fi","Gary Lockwood, Leningrad Philharmonic Orchestra, William Sylvester, Douglas Trumbull, Arthur C. Clarke, Aram Khachaturyan, HAL, Stanley Kubrick, Keir Dullea, Gennadi Rozhdestvensky","Gross worldwide$66,810,089","Gary Lockwood, Keir Dullea, William Sylvester"
98. Reservoir Dogs,1992,8.3 (1.1M),"Gangster, Heist, Crime, Thriller","George Baker Selection, Roger Avary, George Baker, Jan Gerbrand Visser, Mr. Blue, Tim Roth, Chris Penn, Harvey Keitel, Mr. Pink, Steve Buscemi, Michael Madsen, Nice Guy Eddie, Quentin Tarantino","Gross worldwide$2,932,006","Tim Roth, Harvey Keitel, Michael Madsen"
99. The Apartment,1960,8.3 (207K),"Farce, Holiday Comedy, Holiday Romance, Romantic Comedy, Comedy, Drama, Holiday, Romance","Alexandre Trauner, Edward G. Boyle, Billy Wilder, Fran Kubelik, Fred MacMurray, John Francis Wade, Frederick Oakeley, C.C. Baxter, Jack Lemmon, I.A.L. Diamond, Shirley MacLaine","Gross worldwide$18,783,770","Jack Lemmon, Fred MacMurray, Shirley MacLaine"
100. Incendies,2010,8.3 (224K),"Suspense Mystery, Drama, Mystery, War","Ed O'Brien, Radiohead, Mélissa Désormeaux-Poulin, Colin Greenwood, Denis Villeneuve, Wajdi Mouawad, Simon Marwan, Valérie Beaugrand-Champagne, Lubna Azabal, Thom Yorke, Phil Selway, Maxim Gaudette, Jonny Greenwood","Gross worldwide$6,797,861","Lubna Azabal, Maxim Gaudette, Mélissa Désormeaux-Poulin"
101. Lawrence of Arabia,1962,8.3 (327K),"Adventure Epic, Desert Adventure, Epic, Tragedy, War Epic, Adventure, Biography, Drama, War","Anthony Quinn, David Lean, Alec Guinness, Robert Bolt, Michael Wilson, Sam Spiegel, Abdullah II King Of Jordan, T.E. Lawrence, Peter O'Toole, William Potter, Fred Gilbert, King Hussein","Gross worldwide$45,766,917","Anthony Quinn, Alec Guinness, Peter O'Toole"
102. Scarface,1983,8.3 (956K),"Drug Crime, Epic, Gangster, Tragedy, Crime, Drama","Pete Bellotte, Al Pacino, Brian De Palma, Tony Montana, Ben Hecht, Steven Bauer, Giorgio Moroder, Oliver Stone, Michelle Pfeiffer, Howard Hawks, Paul Engemann","Gross worldwide$66,443,303","Al Pacino, Michelle Pfeiffer, Steven Bauer"
103. Double Indemnity,1944,8.3 (174K),"Film Noir, Hard-boiled Detective, Crime, Drama, Mystery, Thriller","Walter Neff, Billy Wilder, Barbara Stanwyck, James M. Cain, Fred MacMurray, Barton Keyes, Raymond Chandler, Edward G. Robinson, Victor Schertzinger","Gross worldwide$21,026","Barbara Stanwyck, Edward G. Robinson, Fred MacMurray"
104. North by Northwest,1959,8.3 (359K),"Spy, Adventure, Drama, Mystery, Thriller","James Mason, James Stewart, Otto Preminger, Roger Thornhill, Cary Grant, Ernest Lehman, Ticket Seller, Jimmy McHugh, Eva Marie Saint, Harold Adamson, Alfred Hitchcock, Gerald Devriès","Gross worldwide$192,323","James Mason, Eva Marie Saint, Cary Grant"
105. Heat,1995,8.3 (750K),"Action Epic, Cop Drama, Epic, Gangster, Heist, Action, Crime, Drama","Passengers, Michael Mann, Al Pacino, Diane Venora, Hank Azaria, Vincent Hanna, Val Kilmer, Robert De Niro, Ashley Judd","Gross worldwide$187,436,818","Al Pacino, Val Kilmer, Robert De Niro"
106. Citizen Kane,1941,8.3 (479K),"Epic, Period Drama, Tragedy, Drama, Mystery","Mr. Bernstein, Buddy Collette, Orson Welles, Gregg Toland, The King Cole Trio, Dorothy Comingore, Herman J. Mankiewicz, Charlie Barnet, CeePee Johnson, John Houseman, Joseph Cotten, Alton Redd, Haven Johnson","Gross worldwide$1,707,754","Joseph Cotten, Orson Welles, Dorothy Comingore"
107. Up,2009,8.3 (1.2M),"Coming-of-Age, Computer Animation, Globetrotting Adventure, Adventure, Animation, Comedy, Drama, Family","Bob Peterson, Edward Asner, Felix Mendelssohn, Tom McCarthy, Pete Docter, Dug, Jordan Nagai, John Ratzenberger, Carl Fredricksen","Gross worldwide$735,102,136","Edward Asner, Jordan Nagai, John Ratzenberger"
108. M,1931,8.3 (176K),"Psychological Thriller, Serial Killer, Suspense Mystery, Crime, Mystery, Thriller","Schraenker, Edvard Grieg, Fritz Lang, Egon Jacobsohn, Peter Lorre, Thea von Harbou, Ellen Widmann, Inge Landgut, Hans Beckert","Gross worldwide$35,566","Ellen Widmann, Inge Landgut, Peter Lorre"
109. Full Metal Jacket,1987,8.2 (817K),"Dark Comedy, Period Drama, Drama, War","Matthew Modine, R. Lee Ermey, Gustav Hasford, Tom T. Hall, Michael Herr, Vincent D'Onofrio, Gunnery Sergeant Hartman, Johnny Wright, Stanley Kubrick","Gross worldwide$50,193,748","Matthew Modine, R. Lee Ermey, Vincent D'Onofrio"
110. Vertigo,1958,8.3 (443K),"Psychological Thriller, Tragedy, Mystery, Romance, Thriller","Barbara Bel Geddes, James Stewart, Kim Novak, Alec Coppel, Samuel A. Taylor, Scottie, Wolfgang Amadeus Mozart, Saul Bass, Pierre Boileau, Madeleine, Alfred Hitchcock","Gross worldwide$7,968,347","Barbara Bel Geddes, James Stewart, Kim Novak"
111. Amélie,2001,8.3 (815K),"Feel-Good Romance, Quirky Comedy, Romantic Comedy, Comedy, Romance","Audrey Tautou, The Sacré-Coeur Boy, Jean-Pierre Jeunet, Mathieu Kassovitz, Rufus, Neil Hannon, Guillaume Laurant, Yann Tiersen","Gross worldwide$175,183,052","Audrey Tautou, Rufus, Mathieu Kassovitz"
112. A Clockwork Orange,1971,8.2 (907K),"Dark Comedy, Dystopian Sci-Fi, Crime, Sci-Fi","Patrick Magee, Alex, Malcolm McDowell, Stanley Kubrick, Ludwig van Beethoven, Anthony Burgess, Michael Bates","Gross worldwide$27,034,174","Patrick Magee, Malcolm McDowell, Michael Bates"
113. A Separation,2011,8.3 (268K),"Legal Drama, Psychological Drama, Drama","Asghar Farhadi, Nader, Sareh Bayat, Simin, Payman Maadi, Leila Hatami","Gross worldwide$22,926,076","Sareh Bayat, Payman Maadi, Leila Hatami"
114. To Kill a Mockingbird,1962,8.3 (342K),"Legal Drama, Period Drama, Crime, Drama","Harper Lee, Gregory Peck, Frank Overton, John Megna, Atticus Finch, Horton Foote, Robert Mulligan, Jem","Gross worldwide$602,810","Gregory Peck, John Megna, Frank Overton"
115. Oppenheimer,2023,8.3 (865K),"Docudrama, Epic, Historical Epic, Period Drama, Psychological Drama, Biography, Drama, History","Matt Damon, Christopher Nolan, Gerhard Narholz, Les Brown and His Band of Renown, Albert Einstein, J. Robert Oppenheimer, Emily Blunt, Martin Sherwin, Kai Bird, Cillian Murphy","Gross worldwide$975,811,333","Emily Blunt, Matt Damon, Cillian Murphy"
116. Die Hard,1988,8.2 (985K),"Disaster, One-Person Army Action, Action, Holiday, Thriller","Nacio Herb Brown, Bruce Willis, Jeb Stuart, John McClane, Roderick Thorp, John McTiernan, Steven E. de Souza, Alan Rickman, Arthur Freed, Bonnie Bedelia","Gross worldwide$143,651,650","Alan Rickman, Bruce Willis, Bonnie Bedelia"
117. The Sting,1973,8.3 (289K),"Caper, Comedy, Crime, Drama","David S. Ward, Charles Durning, Eileen Brennan, Robert Shaw, Henry Gondorff, Robert Redford, Marvin Hamlisch, Johnny Hooker, Paul Newman, Scott Joplin, George Roy Hill","Gross worldwide$156,000,000","Robert Redford, Paul Newman, Robert Shaw"
118. Like Stars on Earth,2007,8.3 (216K),"Drama, Family","Dominique Cerejo, Ehsaan Noorani, Loy Mendonsa, Vivienne Pocha, Amitabh Bachchan, Tisca Chopra, Prasoon Joshi, Amole Gupte, Aamir Khan, Shankar Mahadevan, Darsheel Safary, Ram Shankar Nikumbh, Abhishek Bachchan","Gross worldwide$21,897,373","Darsheel Safary, Tisca Chopra, Aamir Khan"
119. Indiana Jones and the Last Crusade,1989,8.2 (834K),"Adventure Epic, Desert Adventure, Globetrotting Adventure, Quest, Action, Adventure","Sean Connery, Vic Armstrong, Leo Robin, Alison Doody, Indiana Jones, Benny Goodman, George Lucas, Ralph Rainger, Jeffrey Boam, Menno Meyjes, Harrison Ford, Steven Spielberg","Gross worldwide$474,171,806","Alison Doody, Sean Connery, Harrison Ford"
120. Metropolis,1927,8.3 (193K),"Dystopian Sci-Fi, Epic, Sci-Fi Epic, Steampunk, Drama, Sci-Fi","Gustav Fröhlich, Fritz Lang, Thea von Harbou, Alfred Abel, Maria, Brigitte Helm","Gross worldwide$1,350,322","Gustav Fröhlich, Alfred Abel, Brigitte Helm"
121. Snatch,2000,8.2 (940K),"Caper, Dark Comedy, Gangster, Comedy, Crime","Stephen Graham, Dr. Chug, Guy Ritchie, Overseer, Jason Statham, Brad Pitt, Turkish","Gross worldwide$83,557,872","Stephen Graham, Jason Statham, Brad Pitt"
122. 1917,2019,8.2 (721K),"Epic, Period Drama, War Epic, Action, Drama, War","Jos Slovick, Daniel Mays, Krysty Wilson-Cairns, General Erinmore, George MacKay, Lee Smith, Dean-Charles Chapman, Craig Leon, Sam Mendes","Gross worldwide$446,064,352","George MacKay, Daniel Mays, Dean-Charles Chapman"
123. L.A. Confidential,1997,8.2 (638K),"Conspiracy Thriller, Cop Drama, Hard-boiled Detective, Period Drama, Police Procedural, Suspense Mystery, Whodunnit, Crime, Drama, Mystery","Curtis Hanson, James Ellroy, Guy Pearce, Captain Dudley Smith, Harold Arlen, Brian Helgeland, Russell Crowe, Kevin Spacey, Johnny Mercer","Gross worldwide$126,216,940","Guy Pearce, Russell Crowe, Kevin Spacey"
124. Bicycle Thieves,1948,8.2 (184K),"Tragedy, Drama","Antonio Ricci, Luigi Bartolini, Cesare Zavattini, Enzo Staiola, Oreste Biancoli, Vittorio De Sica, Lianella Carell, Lamberto Maggiorani","Gross worldwide$451,336","Lianella Carell, Enzo Staiola, Lamberto Maggiorani"
125. Downfall,2004,8.2 (386K),"Docudrama, Political Drama, Tragedy, Biography, Drama, History, War","Alexandra Maria Lara, Bruno Ganz, Oliver Hirschbiegel, Bernd Eichinger, Joachim Fest, Adolf Hitler, Ulrich Matthes, Horst Liebenau, Stephan Zacharias, Henry Purcell, Traudl Junge, General der Infanterie Wilhelm Burgdorf","Gross worldwide$92,181,574","Alexandra Maria Lara, Bruno Ganz, Ulrich Matthes"
126. Dangal,2016,8.3 (223K),"Action, Biography, Drama, Sport","Piyush Gupta, Sakshi Tanwar, Nikhil Mehrotra, Nitesh Tiwari, Dayam Khan, Kheta Khan, Aamir Khan, Fatima Sana Shaikh, Amitabh Bhattacharya, Shreyas Jain, Sarwar Khan, Sartaz Khan Barna, Pritam Chakraborty, Mahavir Singh Phogat","Gross worldwide$303,726,694","Sakshi Tanwar, Aamir Khan, Fatima Sana Shaikh"
127. Taxi Driver,1976,8.2 (971K),"Psychological Drama, Crime, Drama","Jackson Browne, Paul Schrader, Travis Bickle, Cybill Shepherd, Martin Scorsese, Jodie Foster, Robert De Niro","Gross worldwide$28,580,862","Jodie Foster, Robert De Niro, Cybill Shepherd"
128. Hamilton,2020,8.3 (126K),"Epic, Biography, Drama, History, Musical","Leslie Odom Jr., King George, Lin-Manuel Miranda, Daveed Diggs, Anthony Ramos, Okieriete Onaodowan, Phillipa Soo, Chris Jackson, Thomas Kail, Ron Chernow",Unknown,"Leslie Odom Jr., Phillipa Soo, Lin-Manuel Miranda"
129. The Wolf of Wall Street,2013,8.2 (1.7M),"Dark Comedy, Docudrama, Epic, Raunchy Comedy, Satire, True Crime, Biography, Comedy, Crime, Drama","Jonah Hill, Margot Robbie, Matthew McConaughey, Terence Winter, Jordan Belfort, Max Belfort, Leonardo DiCaprio, Donnie Azoff, Martin Scorsese, Theodore Shapiro","Gross worldwide$407,039,432","Leonardo DiCaprio, Jonah Hill, Margot Robbie"
130. Batman Begins,2005,8.2 (1.6M),"Action Epic, Epic, Superhero, Tragedy, Action, Drama","Michael Caine, Bob Kane, Henri Ducard, Julius Rudel, David S. Goyer, Christopher Nolan, The Ambrosian Singers, London Symphony Orchestra, Arrigo Boito, Christian Bale, Ken Watanabe","Gross worldwide$375,406,308","Michael Caine, Christian Bale, Ken Watanabe"
131. Green Book,2018,8.2 (627K),"Docudrama, Period Drama, Road Trip, Biography, Comedy, Drama, Music","Brian Hayes Currie, Peter Farrelly, Tony Lip, Harold Arlen, Viggo Mortensen, Linda Cardellini, Nick Vallelonga, Mahershala Ali, Johnny Mercer","Gross worldwide$321,752,656","Viggo Mortensen, Mahershala Ali, Linda Cardellini"
132. For a Few Dollars More,1965,8.2 (286K),"One-Person Army Action, Spaghetti Western, Drama, Western","Gian Maria Volontè, Monco, Luciano Vincenzoni, Col. Douglas Mortimer, Fulvio Morsella, Ennio Morricone, Sergio Leone, Clint Eastwood, Lee Van Cleef, Alberto Grimaldi","Gross worldwide$15,000,000","Lee Van Cleef, Clint Eastwood, Gian Maria Volontè"
133. The Truman Show,1998,8.2 (1.3M),"Dark Comedy, High-Concept Comedy, Psychological Drama, Satire, Showbiz Drama, Comedy, Drama","Truman, Ed Harris, Andrew Niccol, Peter Weir, Laura Linney, Wolfgang Amadeus Mozart, Jim Carrey, Wilhelm Kempff","Gross worldwide$264,118,712","Jim Carrey, Laura Linney, Ed Harris"
134. Judgment at Nuremberg,1961,8.3 (90K),"Legal Drama, Drama, War","Hans Leip, Spencer Tracy, Montgomery Clift, Judge Dan Haywood, Abby Mann, Richard Widmark, Ernst Janning, Marlene Dietrich, Norbert Schultze, Stanley Kramer, Charles Dorat, Burt Lancaster","Gross worldwide$12,180","Burt Lancaster, Richard Widmark, Spencer Tracy"
135. Some Like It Hot,1959,8.2 (293K),"Buddy Comedy, Farce, Satire, Screwball Comedy, Comedy, Music, Romance","Alton Hendrickson, Billy Wilder, Joe Grey, Jerry, Robert Thoeren, Gene Cipriano, A.H. Gibbs, Leo Wood, Tony Curtis, Osgood, Jack Lemmon, Marilyn Monroe, I.A.L. Diamond","Gross worldwide$208,786","Jack Lemmon, Marilyn Monroe, Tony Curtis"
136. The Kid,1921,8.2 (140K),"Buddy Comedy, Slapstick, Comedy, Drama, Family","Jackie Coogan, Edna Purviance, Roland Totheroh, Charles Chaplin","Gross worldwide$41,979","Jackie Coogan, Edna Purviance, Charles Chaplin"
137. Shutter Island,2010,8.2 (1.5M),"Psychological Thriller, Suspense Mystery, Drama, Mystery, Thriller","Dennis Lehane, Teddy Daniels, Mark Ruffalo, Jonathan Nott, Leonardo DiCaprio, Berliner Philharmoniker, Emily Mortimer, Laeta Kalogridis, György Ligeti, Gustav Mahler, Martin Scorsese, Chuck Aule","Gross worldwide$294,972,125","Emily Mortimer, Mark Ruffalo, Leonardo DiCaprio"
138. The Father,2020,8.2 (210K),"Psychological Drama, Drama, Mystery","Christopher Hampton, Ludovico Einaudi, Mark Gatiss, Florian Zeller, Anthony Hopkins, Redi Hasa, Federico Mecozzi, Anthony, Olivia Colman","Gross worldwide$24,048,935","Olivia Colman, Mark Gatiss, Anthony Hopkins"
139. All About Eve,1950,8.2 (144K),"Showbiz Drama, Drama","Mary Orr, Franz Liszt, Margo, Gary Merrill, George Sanders, Anne Baxter, Joseph L. Mankiewicz, Bette Davis","Gross worldwide$154,736","Bette Davis, Anne Baxter, George Sanders"
140. Jurassic Park,1993,8.2 (1.1M),"Dinosaur Adventure, Jungle Adventure, Action, Adventure, Sci-Fi, Thriller","Sam Neill, David Koepp, Laura Dern, Jeff Goldblum, John Hammond, Dolores Guadalupe Olivares, Michael Crichton, Dr. Ian Malcolm, Steven Spielberg","Gross worldwide$1,104,379,926","Laura Dern, Sam Neill, Jeff Goldblum"
141. There Will Be Blood,2007,8.2 (666K),"Epic, Period Drama, Psychological Drama, Tragedy, Drama","Upton Sinclair, BBC Concert Orchestra, Daniel Plainview, Eli Sunday, Dillon Freasier, Robert Ziegler, Daniel Day-Lewis, Jonny Greenwood, Paul Dano, Paul Thomas Anderson, Ciarán Hinds","Gross worldwide$76,430,381","Paul Dano, Daniel Day-Lewis, Ciarán Hinds"
142. Casino,1995,8.2 (588K),"Docudrama, Epic, Gangster, True Crime, Crime, Drama","Johann Sebastian Bach, Chicago Symphony Orchestra, Sharon Stone, Joe Pesci, Nicholas Pileggi, Martin Scorsese, Georg Solti, Robert De Niro, Ace Rothstein","Gross worldwide$116,112,375","Joe Pesci, Robert De Niro, Sharon Stone"
143. The Sixth Sense,1999,8.2 (1.1M),"Psychological Drama, Psychological Thriller, Suspense Mystery, Drama, Mystery, Thriller","Bruce Willis, Chet Baker, Jule Styne, Cole Sear, Toni Collette, Sammy Cahn, Haley Joel Osment, Malcolm Crowe, M. Night Shyamalan","Gross worldwide$672,806,432","Haley Joel Osment, Bruce Willis, Toni Collette"
144. Ran,1985,8.2 (142K),"Epic, Samurai, Tragedy, War Epic, Action, Drama, War","Akira Kurosawa, Akira Terao, Hideo Oguni, Yôko Yaguchi, Kyoami, Jinpachi Nezu, Masato Ide, Tatsuya Nakadai","Gross worldwide$4,174,860","Tatsuya Nakadai, Akira Terao, Jinpachi Nezu"
145. Top Gun: Maverick,2022,8.2 (763K),"Action Epic, Epic, Action, Drama","Kenny Loggins, Miles Teller, Tom Whitlock, Jack Epps Jr., Peter Craig, Jennifer Connelly, Rear Admiral, Maverick, Giorgio Moroder, Jim Cash, Joseph Kosinski, Tom Cruise","Gross worldwide$1,495,696,292","Miles Teller, Jennifer Connelly, Tom Cruise"
146. No Country for Old Men,2007,8.2 (1.1M),"Contemporary Western, Serial Killer, Crime, Drama, Thriller","Milton Hernandez, Tommy Lee Jones, Javier Bardem, Josh Brolin, Gas Station Proprietor, Anton Chigurh, John Mancha, Joel Coen, Ethan Coen, Cormac McCarthy, Angel H. Alvarado Jr., David A. Gomez","Gross worldwide$171,632,777","Josh Brolin, Tommy Lee Jones, Javier Bardem"
147. The Thing,1982,8.2 (494K),"Alien Invasion, Body Horror, Monster Horror, Supernatural Horror, Tragedy, Horror, Mystery, Sci-Fi","Bill Lancaster, Garry, Keith David, Arthur Herzog Jr., Kurt Russell, Wilford Brimley, Billie Holiday, John W. Campbell Jr., John Carpenter","Gross worldwide$20,836,881","Keith David, Wilford Brimley, Kurt Russell"
148. Pan's Labyrinth,2006,8.2 (722K),"Coming-of-Age, Dark Fantasy, Fairy Tale, Period Drama, Supernatural Fantasy, Teen Fantasy, Tragedy, Drama, Fantasy, War","Guillermo del Toro, Doug Jones, Javier Navarrete, Ivana Baquero, Sergi López, Capitán Vidal, Ariadna Gil, Mercedes","Gross worldwide$83,863,565","Sergi López, Ivana Baquero, Ariadna Gil"
149. Unforgiven,1992,8.2 (452K),"Period Drama, Tragedy, Drama, Western","Little Bill Daggett, Gene Hackman, David Webb Peoples, Lennie Niehaus, Clint Eastwood, Don Siegel, Sergio Leone, Morgan Freeman, Will Munny","Gross worldwide$159,167,799","Clint Eastwood, Morgan Freeman, Gene Hackman"
150. A Beautiful Mind,2001,8.2 (1M),"Docudrama, Period Drama, Psychological Drama, Biography, Drama, Mystery","James Horner, Sylvia Nasar, Dr. Rosen, Ed Harris, Akiva Goldsman, Russell Crowe, John Nash, Jennifer Connelly, Will Jennings, Charlotte Church, Ron Howard","Gross worldwide$316,791,257","Russell Crowe, Jennifer Connelly, Ed Harris"
151. Kill Bill: Vol. 1,2003,8.2 (1.2M),"Kung Fu, Martial Arts, One-Person Army Action, Action, Crime, Thriller","Uma Thurman, Sonny Bono, Chiaki Kuriyama, Shin'ichi Chiba, David Carradine, Nancy Sinatra, Hattori Hanzo, Daryl Hannah, Quentin Tarantino","Gross worldwide$180,908,413","David Carradine, Uma Thurman, Daryl Hannah"
152. The Treasure of the Sierra Madre,1948,8.2 (137K),"Tragedy, Adventure, Drama, Western","B. Traven, Humphrey Bogart, Walter Huston, Gold Hat, Charles Dorat, Tim Holt, John Huston","Gross worldwide$5,014,000","Humphrey Bogart, Walter Huston, Tim Holt"
153. Prisoners,2013,8.2 (862K),"Psychological Thriller, Suspense Mystery, Crime, Drama, Mystery, Thriller","Gene MacLellan, Viola Davis, Denis Villeneuve, Ocean, Keller Dover, Hugh Jackman, Jake Gyllenhaal, Aaron Guzikowski","Gross worldwide$122,127,446","Jake Gyllenhaal, Viola Davis, Hugh Jackman"
154. Yojimbo,1961,8.2 (137K),"One-Person Army Action, Period Drama, Samurai, Action, Drama, Thriller","Akira Kurosawa, Eijirô Tôno, Sanjuro, Toshirô Mifune, Tatsuya Nakadai, Ryûzô Kikushima","Gross worldwide$68,196","Toshirô Mifune, Tatsuya Nakadai, Eijirô Tôno"
155. Finding Nemo,2003,8.2 (1.2M),"Animal Adventure, Buddy Comedy, Computer Animation, Quest, Sea Adventure, Adventure, Animation, Comedy, Family","Bob Peterson, Albert Brooks, John Lasseter, David Reynolds, Ellen DeGeneres, Norman Gimbel, Antonio Carlos Jobim, Dory, Lee Unkrich, Alexander Gould, Andrew Stanton, Vinicius de Moraes","Gross worldwide$941,637,960","Alexander Gould, Albert Brooks, Ellen DeGeneres"
156. The Great Escape,1963,8.2 (267K),"Period Drama, Prison Drama, War Epic, Adventure, Drama, Thriller, War","Steve McQueen, Paul Brickhill, Von Luger, James Garner, John Sturges, James Clavell, W.R. Burnett, Richard Attenborough","Gross worldwide$230,637","Steve McQueen, James Garner, Richard Attenborough"
157. Monty Python and the Holy Grail,1975,8.2 (585K),"Farce, Parody, Quest, Satire, Sketch Comedy, Slapstick, Sword & Sorcery, Adventure, Comedy, Fantasy","Eric Idle, Monty Python, Genesis, Led Zeppelin, Graham Chapman, Neil Innes, Dennis, King Arthur, Terry Gilliam, John Cleese, Terry Jones, Woman, Pink Floyd","Gross worldwide$2,817,496","Eric Idle, Graham Chapman, John Cleese"
158. Howl's Moving Castle,2004,8.2 (478K),"Adventure Epic, Anime, Hand-Drawn Animation, Supernatural Fantasy, Adventure, Animation, Family, Fantasy","Young Sophie, Tatsuya Gashûin, Hayao Miyazaki, Diana Wynne Jones, Shuntarô Tanikawa, Takuya Kimura, Joe Hisaishi, Howl, Yumi Kimura, Christian Bale, Chieko Baishô","Gross worldwide$240,909,277","Takuya Kimura, Tatsuya Gashûin, Chieko Baishô"
159. The Elephant Man,1980,8.2 (271K),"Docudrama, Period Drama, Tragedy, Biography, Drama","Samuel Barber, John Hurt, Mel Brooks, Christopher De Vore, London Symphony Orchestra, André Previn, Anthony Hopkins, Eric Bergren, Anne Bancroft, David Lynch, John Merrick","Gross worldwide$26,034,325","Anne Bancroft, John Hurt, Anthony Hopkins"
160. Dial M for Murder,1954,8.2 (197K),"Crime, Drama, Mystery, Thriller","Tony Wendice, Cary Grant, Grace Kelly, Robert Cummings, Mark Halliday, Margot Mary Wendice, Charles Dorat, Ray Milland, Frederick Knott, Alfred Hitchcock","Gross worldwide$45,313","Robert Cummings, Ray Milland, Grace Kelly"
161. I'm Still Here,2024,8.4 (94K),"Docudrama, Period Drama, Political Drama, Biography, Drama, History","Murilo Hauser, Fernanda Montenegro, Martha, Tim Maia, Marcelo Rubens Paiva, Eunice Paiva, Fernanda Torres, Heitor Lorega, Selton Mello, Walter Salles, Léo Maia","Gross worldwide$34,593,378","Selton Mello, Fernanda Montenegro, Fernanda Torres"
162. Gone with the Wind,1939,8.2 (345K),"Costume Drama, Epic, Period Drama, Romantic Epic, Tragic Romance, War Epic, Drama, Romance, War","Hattie McDaniel, Margaret Mitchell, Clark Gable, Rhett Butler, Sidney Howard, Alfred Newman, Scarlett, Vivien Leigh, Oliver H.P. Garrett, Victor Fleming, Thomas Mitchell","Gross worldwide$402,382,193","Clark Gable, Vivien Leigh, Thomas Mitchell"
163. Rashomon,1950,8.2 (188K),"Period Drama, Crime, Drama, Mystery","Akira Kurosawa, Shinobu Hashimoto, Commoner, Maurice Ravel, Fumio Hayasaka, Machiko Kyô, Ryûnosuke Akutagawa, Toshirô Mifune, Masayuki Mori","Gross worldwide$139,819","Machiko Kyô, Toshirô Mifune, Masayuki Mori"
164. Klaus,2019,8.2 (212K),"Hand-Drawn Animation, Holiday Animation, Holiday Comedy, Holiday Family, Adventure, Animation, Comedy, Family, Fantasy, Holiday","Zara Larsson, Klaus, Carlos Martínez López, Rashida Jones, Jussifer, Justin Tranter, Zach Lewis, Sergio Pablos, Jim Mahoney, Caroline Pennell, J.K. Simmons, Jason Schwartzman",Unknown,"J.K. Simmons, Jason Schwartzman, Rashida Jones"
165. Chinatown,1974,8.1 (363K),"Conspiracy Thriller, Hard-boiled Detective, Psychological Drama, Psychological Thriller, Tragedy, Drama, Mystery, Thriller","Vernon Duke, Bunny Berigan and His Orchestra, Ira Gershwin, Faye Dunaway, Robert Towne, Roman Polanski, Walsh, Jack Nicholson, John Huston","Gross worldwide$29,231,954","John Huston, Jack Nicholson, Faye Dunaway"
166. The Secret in Their Eyes,2009,8.2 (231K),"Dark Romance, Erotic Thriller, Legal Thriller, Period Drama, Psychological Drama, Psychological Thriller, Suspense Mystery, Tragedy, Whodunnit, Drama","Ricardo Darín, Eduardo Sacheri, Pablo Rago, Soledad Villamil, Emilio Kauderer, Pablo Sandoval, Juan José Campanella","Gross worldwide$35,079,650","Ricardo Darín, Soledad Villamil, Pablo Rago"
"167. Lock, Stock and Two Smoking Barrels",1998,8.1 (632K),"Farce, Comedy, Crime","Nick Moran, Dexter Fletcher, Guy Ritchie, Lenny McLean, Ocean Colour Scene, Damon Minchella, Simon Fowler, Steve Cradock, Jason Flemyng, Oscar Harrison, Bacon","Gross worldwide$3,753,929","Jason Flemyng, Nick Moran, Dexter Fletcher"
168. V for Vendetta,2005,8.1 (1.2M),"Dystopian Sci-Fi, Political Thriller, Superhero, Action, Drama, Sci-Fi, Thriller","V, Natalie Portman, Hugo Weaving, David Lloyd, James McTeigue, Lilly Wachowski, Lana Wachowski, Zakk Wylde, Black Label Society, Rupert Graves","Gross worldwide$134,686,457","Natalie Portman, Hugo Weaving, Rupert Graves"
169. Inside Out,2015,8.1 (859K),"Coming-of-Age, Computer Animation, Adventure, Animation, Comedy, Drama, Family, Fantasy","Bing Bong, Bill Hader, Pete Docter, Lewis Black, Ronnie Del Carmen, Amy Poehler, Meg LeFauve, Xavier Atencio, Buddy Baker, Gaylord Carter","Gross worldwide$859,076,254","Amy Poehler, Bill Hader, Lewis Black"
170. The Wild Robot,2024,8.2 (152K),"Artificial Intelligence, Computer Animation, Survival, Animation, Sci-Fi","Monsters & Strangerz, Ali Tamposi, Maren Morris, Kit Connor, Pedro Pascal, Roz, Stefan Johnson, Kris Bowers, Delacey, Lupita Nyong'o, Jordan Johnson, Peter Brown, Chris Sanders, Isaiah Tejada, Michael Pollack","Gross worldwide$333,165,945","Pedro Pascal, Lupita Nyong'o, Kit Connor"
"171. Three Billboards Outside Ebbing, Missouri",2017,8.1 (579K),"Dark Comedy, Satire, Comedy, Crime, Drama","Thomas Moore, Jeffrey Tate, Frances McDormand, Mildred Hayes, Renée Fleming, Martin McDonagh, English Chamber Orchestra, Woody Harrelson, Friedrich von Flotow, Desk Sergeant, Dixon, Sam Rockwell","Gross worldwide$162,729,321","Woody Harrelson, Frances McDormand, Sam Rockwell"
172. The Bridge on the River Kwai,1957,8.1 (240K),"Jungle Adventure, War Epic, Adventure, Drama, War","Carl Foreman, David Lean, Alec Guinness, Jack Hawkins, Michael Wilson, William Holden, Colonel Nicholson, Malcolm Arnold, Kenneth Alford, Geoffrey Horne, Pierre Boulle, John Scott","Gross worldwide$27,201,366","Jack Hawkins, William Holden, Alec Guinness"
173. Trainspotting,1996,8.1 (746K),"Dark Comedy, Psychological Drama, Drama","Irvine Welsh, Ewen Bremner, David Bowie, Iggy Pop, Jonny Lee Miller, Ewan McGregor, Mark ""Rent-boy"" Renton, John Hodge, Danny Boyle","Gross worldwide$16,981,823","Jonny Lee Miller, Ewen Bremner, Ewan McGregor"
174. Raging Bull,1980,8.1 (393K),"Boxing, Docudrama, Period Drama, Biography, Drama, Sport","Jake LaMotta, Cathy Moriarty, Orchestra del Teatro Comunale di Bologna, Joseph Carter, Vicki LaMotta, Peter Savage, Jake La Motta, Joe Pesci, Martin Scorsese, Arturo Basile, Robert De Niro, Pietro Mascagni","Gross worldwide$23,405,883","Cathy Moriarty, Joe Pesci, Robert De Niro"
175. Catch Me If You Can,2002,8.1 (1.2M),"Caper, Coming-of-Age, Docudrama, Globetrotting Adventure, Period Drama, True Crime, Biography, Crime, Drama","Tom Hanks, Stan Redding, Paul Alter, Frank Abagnale Sr., Robert Israel, Christopher Walken, Jeff Nathanson, Leonardo DiCaprio, Fiorello LaGuardia, Frank Abagnale Jr., Steven Spielberg","Gross worldwide$352,114,312","Tom Hanks, Leonardo DiCaprio, Christopher Walken"
176. Fargo,1996,8.1 (751K),"Cop Drama, Dark Comedy, Police Procedural, Tragedy, Crime, Drama, Thriller","Frances McDormand, Marge Gunderson, Hal David, Joel Coen, Burt Bacharach, Ethan Coen, William H. Macy, Steve Buscemi","Gross worldwide$60,611,975","Frances McDormand, Steve Buscemi, William H. Macy"
177. Warrior,2011,8.1 (512K),"Boxing, Action, Drama, Sport","Anthony Tambakis, Matt Berninger, Gavin O'Connor, Referee Josh Rosenthal, Aaron Dessner, Brendan Conlon, Nick Nolte, Cliff Dorfman, Joel Edgerton, Tom Hardy, The National, Tom Conlon","Gross worldwide$23,308,615","Tom Hardy, Joel Edgerton, Nick Nolte"
178. Harry Potter and the Deathly Hallows: Part 2,2011,8.1 (990K),"Dark Fantasy, Fantasy Epic, Teen Adventure, Teen Fantasy, Adventure, Family, Fantasy, Mystery","David Yates, J.K. Rowling, Daniel Radcliffe, Molly Weasley, Steve Kloves, Rupert Grint, Ralph Fiennes, Emma Watson","Gross worldwide$1,342,499,744","Daniel Radcliffe, Emma Watson, Rupert Grint"
179. Gran Torino,2008,8.1 (835K),Drama,"Nick Schenk, Dave Johannson, Michael Stevens, Kyle Eastwood, Walt Kowalski, Clint Eastwood, Christopher Carley, Jamie Cullum, Bee Vang, Duke","Gross worldwide$269,958,228","Bee Vang, Clint Eastwood, Christopher Carley"
180. Million Dollar Baby,2004,8.1 (743K),"Boxing, Tragedy, Drama, Sport","F.X. Toole, Frankie Dunn, Eddie Scrap-Iron Dupris, Clint Eastwood, Paul Haggis, Morgan Freeman, Hilary Swank, Lucia Rijker","Gross worldwide$216,763,646","Clint Eastwood, Hilary Swank, Morgan Freeman"
181. My Neighbor Totoro,1988,8.1 (403K),"Anime, Hand-Drawn Animation, Iyashikei, Animation, Comedy, Family, Fantasy","Hayao Miyazaki, Noriko Hidaka, Joe Hisaishi, Hitoshi Takagi, Chika Sakamoto, Tatsuo Kusakabe","Gross worldwide$30,370,646","Hitoshi Takagi, Noriko Hidaka, Chika Sakamoto"
182. Spider-Man: No Way Home,2021,8.2 (939K),"Superhero, Supernatural Fantasy, Urban Adventure, Action, Adventure, Fantasy, Sci-Fi","Benedict Cumberbatch, Peter Parker, Talking Heads, Chris McKenna, David Byrne, Erik Sommers, Tom Holland, Matt Murdock, Stan Lee, Zendaya, Jon Watts, Brian Eno","Gross worldwide$1,952,732,181","Benedict Cumberbatch, Zendaya, Tom Holland"
183. Mad Max: Fury Road,2015,8.1 (1.2M),"Action Epic, Adventure Epic, Car Action, Desert Adventure, Dystopian Sci-Fi, Epic, Quest, Road Trip, Action, Adventure","Iota, Nux, Nicholas Hoult, Eleni Karaindrou, George Miller, Charlize Theron, Tom Hardy, Nick Lathouris, Brendan McCarthy","Gross worldwide$380,437,267","Charlize Theron, Tom Hardy, Nicholas Hoult"
184. Ben-Hur,1959,8.1 (261K),"Adventure Epic, Epic, Period Drama, Sword & Sandal, Adventure, Drama","Joe Canutt, Jack Hawkins, Sextus, Yakima Canutt, William Wyler, Karl Tunberg, Stephen Boyd, Gore Vidal, Miklós Rózsa, Lew Wallace, Charlton Heston","Gross worldwide$74,439,376","Jack Hawkins, Charlton Heston, Stephen Boyd"
185. Children of Heaven,1997,8.2 (85K),"Drama, Family, Sport","Bahare Seddiqi, Majid Majidi, Amir Farrokh Hashemian, Reza Naji, Ali, Zahra","Gross worldwide$933,933","Bahare Seddiqi, Amir Farrokh Hashemian, Reza Naji"
186. Barry Lyndon,1975,8.1 (192K),"Costume Drama, Dark Comedy, Epic, Period Drama, Adventure, Drama, War","Patrick Magee, Franz Schubert, Anthony Goldstone, Moray Welsh, William Makepeace Thackeray, Marisa Berenson, Stanley Kubrick, Ralph Holmes, Ryan O'Neal","Gross worldwide$280,093","Ryan O'Neal, Marisa Berenson, Patrick Magee"
187. 12 Years a Slave,2013,8.1 (761K),"Costume Drama, Docudrama, Epic, Period Drama, Tragedy, Biography, Drama, History","Michael Fassbender, Steve McQueen, Solomon Northup, Nicholas Britell, Roosevelt Credit, Bass, Jack Williamson, David Hughey, Edwin Epps, Chiwetel Ejiofor, John Ridley, Michael Kenneth Williams","Gross worldwide$187,734,091","Michael Fassbender, Chiwetel Ejiofor, Michael Kenneth Williams"
188. Before Sunrise,1995,8.1 (356K),"Drama, Romance","Richard Linklater, Julie Delpy, Andrea Eckert, Kim Krizan, Celine, Henry Purcell, Ethan Hawke","Gross worldwide$6,568,101","Julie Delpy, Ethan Hawke, Andrea Eckert"
189. Dead Poets Society,1989,8.1 (585K),"Coming-of-Age, Teen Drama, Comedy, Drama","Tom Schulman, John Keating, Robin Williams, McAllister, Peter Weir, Stuttgarter Kammerorchester, Karl Münchinger, George Frideric Handel, Robert Sean Leonard, Ethan Hawke","Gross worldwide$235,860,116","Robin Williams, Robert Sean Leonard, Ethan Hawke"
190. Blade Runner,1982,8.1 (850K),"Artificial Intelligence, Cyber Thriller, Cyberpunk, Dystopian Sci-Fi, Action, Drama, Sci-Fi, Thriller","Rutger Hauer, Ridley Scott, Philip K. Dick, David Webb Peoples, Hampton Fancher, Gail Laughton, Batty, Daryl Hannah, Harrison Ford, Sean Young","Gross worldwide$41,759,489","Rutger Hauer, Harrison Ford, Sean Young"
191. The Grand Budapest Hotel,2014,8.1 (921K),"Caper, Quirky Comedy, Adventure, Comedy, Crime","Hugo Guinness, Mathieu Amalric, M. Gustave, F. Murray Abraham, Tony Revolori, Ralph Fiennes, Wes Anderson, Harvey Keitel, Stefan Zweig","Gross worldwide$174,567,384","Mathieu Amalric, Ralph Fiennes, F. Murray Abraham"
192. Hacksaw Ridge,2016,8.1 (631K),"Docudrama, Epic, Period Drama, War Epic, Biography, Drama, History, War","Howard Doane, Robert Schenkkan, Mel Gibson, Sam Worthington, Fanny Crosby, Luke Bracey, Desmond T. Doss, Desmond Doss, Andrew Garfield, Andrew Knight","Gross worldwide$180,563,636","Sam Worthington, Luke Bracey, Andrew Garfield"
193. Gone Girl,2014,8.1 (1.1M),"Erotic Thriller, Psychological Drama, Psychological Thriller, Suspense Mystery, Tragedy, Whodunnit, Drama, Mystery, Thriller","Rosamund Pike, David Fincher, Nick Dunne, Cy Curnin, Neil Patrick Harris, The Fixx, Ben Affleck, Gillian Flynn","Gross worldwide$370,890,259","Rosamund Pike, Neil Patrick Harris, Ben Affleck"
194. Memories of Murder,2003,8.1 (237K),"Dark Comedy, Korean Drama, Police Procedural, Serial Killer, True Crime, Crime, Drama, Mystery, Thriller","Sung-bo Shim, Song Kang-ho, Kim Roe-ha, Kwang-rim Kim, Bong Joon Ho, Detective Park Doo-Man, Kim Sang-kyung","Gross worldwide$1,210,156","Kim Sang-kyung, Song Kang-ho, Kim Roe-ha"
195. In the Name of the Father,1993,8.1 (195K),"Docudrama, Legal Drama, Period Drama, Prison Drama, Tragedy, True Crime, Biography, Crime, Drama","Terry George, Jim Sheridan, Alison Crosbie, Maurice Seezer, Gerry Conlon, Gavin Friday, Pete Postlethwaite, Daniel Day-Lewis, Bono","Gross worldwide$65,796,862","Alison Crosbie, Pete Postlethwaite, Daniel Day-Lewis"
"196. Monsters, Inc.",2001,8.1 (1M),"Buddy Comedy, Computer Animation, Satire, Slapstick, Supernatural Fantasy, Urban Adventure, Adventure, Animation, Comedy, Family","Pete Docter, John Goodman, Billy Crystal, Frank Wolf, Randy Newman, Mary Gibbs, Chris Montan, Jill Culton, Sulley, Lee Unkrich, Jeff Pidgeon, David Silverman, Boo","Gross worldwide$579,770,299","Mary Gibbs, John Goodman, Billy Crystal"
197. Ratatouille,2007,8.1 (876K),"Animal Adventure, Computer Animation, Satire, Adventure, Animation, Comedy, Family, Fantasy","Jan Pinkava, Patton Oswalt, Gusteau, Boualem Lamhene, Michael Giacchino, Brad Garrett, Brad Bird, Lou Romano, Jim Capobianco, Dan Wallin, Camille","Gross worldwide$623,729,380","Patton Oswalt, Lou Romano, Brad Garrett"
198. The Gold Rush,1925,8.1 (123K),"Farce, Feel-Good Romance, Romantic Comedy, Slapstick, Adventure, Comedy, Drama, Romance, Western","Mack Swain, Tom Murray, Georgia, Charles Chaplin","Gross worldwide$31,490","Mack Swain, Tom Murray, Charles Chaplin"
199. Wild Tales,2014,8.1 (227K),"Dark Comedy, Comedy, Drama, Thriller","Julian Loyola, Mauricio, Damián Szifron, María Marull, Helen St. John, Darío Grandinetti, Mónica Villa, Germán Servidio, Giorgio Moroder","Gross worldwide$31,478,893","Darío Grandinetti, María Marull, Mónica Villa"
200. How to Train Your Dragon,2010,8.1 (837K),"Computer Animation, Sword & Sorcery, Teen Fantasy, Action, Adventure, Animation, Family, Fantasy","Christopher Mintz-Plasse, Dean DeBlois, William Davies, Gerard Butler, Jay Baruchel, Alex Somers, Chris Sanders, Hiccup, Jon Thor Birgisson","Gross worldwide$494,879,860","Christopher Mintz-Plasse, Gerard Butler, Jay Baruchel"
201. Sherlock Jr.,1924,8.2 (61K),"Bumbling Detective, Farce, Feel-Good Romance, Slapstick, Action, Comedy, Romance","Jean C. Havez, Vince Giordano and The Nighthawks, Clyde Bruckman, Joseph A. Mitchell, Joe Keaton, Projectionist, Buster Keaton, Kathryn McGuire",Gross worldwide$399,"Buster Keaton, Kathryn McGuire, Joe Keaton"
202. Jaws,1975,8.1 (690K),"Monster Horror, Sea Adventure, Survival, Adventure, Drama, Horror, Thriller","Peter Benchley, Carl Gottlieb, Richard Dreyfuss, Jeffrey Voorhees, Mike Haydn, Robert Shaw, Roy Scheider, Lee Fierro, Brody, Steven Spielberg","Gross worldwide$477,916,625","Roy Scheider, Richard Dreyfuss, Robert Shaw"
203. Mary and Max,2009,8.1 (195K),"Adult Animation, Coming-of-Age, Dark Comedy, Stop Motion Animation, Animation, Comedy, Drama","Max Jerry Horovitz, Toni Collette, Eric Bana, Penguin Cafe Orchestra, Simon Jeffes, Adam Elliot, Philip Seymour Hoffman","Gross worldwide$1,740,791","Philip Seymour Hoffman, Toni Collette, Eric Bana"
204. The Deer Hunter,1978,8.1 (374K),"Epic, War Epic, Drama, War","Frankie Valli, Bob Gaudio, Christopher Walken, Michael, John Cazale, Louis Garfinkle, Deric Washburn, Michael Cimino, Robert De Niro, Bob Crewe","Gross worldwide$49,080,126","Robert De Niro, John Cazale, Christopher Walken"
205. The General,1926,8.1 (102K),"Farce, Slapstick, Action, Adventure, Comedy, Drama, War","Al Boasberg, William P. Perry, Glen Cavender, Buster Keaton, The Alloy Orchestra, Johnnie Gray, Clyde Bruckman, Marion Mack","Gross worldwide$1,344","Buster Keaton, Marion Mack, Glen Cavender"
206. Ford v Ferrari,2019,8.1 (516K),"Docudrama, Motorsport, Period Drama, Action, Biography, Drama, Sport","James Mangold, Jez Butterworth, Jon Bernthal, Jason Keller, Carroll Shelby, The Paladins, Matt Damon, Robert Nagle, John-Henry Butterworth, Christian Bale","Gross worldwide$226,299,480","Matt Damon, Jon Bernthal, Christian Bale"
207. The Wages of Fear,1953,8.1 (70K),"Psychological Drama, Survival, Adventure, Drama, Thriller","Mario, Johann Strauss, Charles Vanel, Henri-Georges Clouzot, Yves Montand, Peter van Eyck, Georges Arnaud, Jérôme Géronimi","Gross worldwide$22,326","Charles Vanel, Yves Montand, Peter van Eyck"
208. On the Waterfront,1954,8.1 (171K),"Legal Drama, Crime, Drama, Thriller","Marlon Brando, Malcolm Johnson, Richard Schickel, Elia Kazan, Charley Malloy, Terry Malloy, Richard Wagner, Paul Newman, Budd Schulberg, Karl Malden, Lee J. Cobb, Robert Siodmak","Gross worldwide$3,768","Marlon Brando, Lee J. Cobb, Karl Malden"
209. Mr. Smith Goes to Washington,1939,8.1 (125K),"Political Drama, Comedy, Drama","David T. Shaw, Sidney Buchman, James Stewart, Frank Capra, Lewis R. Foster, Myles Connolly, Jean Arthur, Claude Rains, Jefferson Smith","Gross worldwide$146,123","James Stewart, Claude Rains, Jean Arthur"
210. Wild Strawberries,1957,8.1 (120K),"Psychological Drama, Drama, Romance","Victor Sjöström, Marianne Borg, Dr. Evald Borg, Bibi Andersson, Ingrid Thulin, Ingmar Bergman","Gross worldwide$81,070","Ingrid Thulin, Victor Sjöström, Bibi Andersson"
211. Logan,2017,8.1 (883K),"Dystopian Sci-Fi, Road Trip, Superhero, Action, Drama, Sci-Fi, Thriller","James Mangold, Logan, Patrick Stewart, Dafne Keen, Hugh Jackman, Michael Green, Scott Frank","Gross worldwide$619,180,476","Patrick Stewart, Dafne Keen, Hugh Jackman"
212. The Third Man,1949,8.1 (189K),"Film Noir, Hard-boiled Detective, Whodunnit, Drama, Mystery, Thriller","Alexander Korda, Graham Greene, Orson Welles, Harry Lime, Anton Karas, Alida Valli, Carol Reed, Joseph Cotten","Gross worldwide$1,406,393","Alida Valli, Joseph Cotten, Orson Welles"
213. Rocky,1976,8.1 (655K),"Boxing, Drama, Sport","Adrian, James Caan, Sylvester Stallone, James Crabe, Burt Young, Robert Chartoff, Nick Nolte, John G. Avildsen, Robert Redford, Rocky, Irwin Winkler, Frank Stallone, Ryan O'Neal, Talia Shire, Valentine, Burt Reynolds","Gross worldwide$117,253,345","Sylvester Stallone, Talia Shire, Burt Young"
214. Maharaja,2024,8.4 (65K),"One-Person Army Action, Action, Crime, Drama, Thriller","Mamta Mohandas, Nithilan Saminathan, Anurag Kashyap, Vijay Sethupathi","Gross worldwide$975,543","Mamta Mohandas, Anurag Kashyap, Vijay Sethupathi"
215. Tokyo Story,1953,8.1 (73K),"Psychological Drama, Drama","Kôgo Noda, Chieko Higashiyama, Yasujirô Ozu, Kyoko, Chishû Ryû, Sô Yamamura, Noriko","Gross worldwide$92,310","Chieko Higashiyama, Sô Yamamura, Chishû Ryû"
216. The Big Lebowski,1998,8.1 (886K),"Buddy Comedy, Drug Crime, Satire, Stoner Comedy, Comedy, Crime","Bob Nolan, Walter Sobchak, John Goodman, Julianne Moore, Jeff Bridges, Joel Coen, Ethan Coen, Sons of the Pioneers","Gross worldwide$48,261,691","John Goodman, Julianne Moore, Jeff Bridges"
217. Spotlight,2015,8.1 (516K),"Docudrama, Legal Drama, Period Drama, True Crime, Workplace Drama, Biography, Crime, Drama","Tom McCarthy, Michael Keaton, Mark Ruffalo, Michael Rezendes, Sacha Pfeiffer, Marty Baron, Dick Walter, Josh Singer, Walter Robinson, Rachel McAdams","Gross worldwide$98,690,254","Mark Ruffalo, Rachel McAdams, Michael Keaton"
218. The Seventh Seal,1957,8.1 (207K),"Psychological Drama, Drama, Fantasy","Erik Nordgren, Max von Sydow, Antonius Block, Bengt Ekerot, Gunnar Björnstrand, Ingmar Bergman","Gross worldwide$311,212","Gunnar Björnstrand, Max von Sydow, Bengt Ekerot"
219. The Terminator,1984,8.1 (958K),"Artificial Intelligence, Cyberpunk, Dystopian Sci-Fi, Time Travel, Urban Adventure, Action, Adventure, Sci-Fi","Linda Hamilton, Arnold Schwarzenegger, Ricky Phillips, William Wisher, James Cameron, Desk Sergeant, The Terminator, Michael Biehn, Gale Anne Hurd","Gross worldwide$78,371,200","Linda Hamilton, Arnold Schwarzenegger, Michael Biehn"
220. Room,2015,8.1 (466K),"Psychological Drama, Drama, Thriller","Lenny Abrahamson, Sean Bridgers, Jacob Tremblay, Daniel Rojas, Klaus Badelt, Jack, Brie Larson, Andrew Raiher, Emma Donoghue","Gross worldwide$35,402,766","Brie Larson, Sean Bridgers, Jacob Tremblay"
221. Pirates of the Caribbean: The Curse of the Black Pearl,2003,8.1 (1.3M),"Sea Adventure, Supernatural Fantasy, Swashbuckler, Sword & Sandal, Action, Adventure, Fantasy","Geoffrey Rush, Orlando Bloom, Will Turner, Lucinda Dryzek, Terry Rossio, Jack Sparrow, Keira Knightley, Xavier Atencio, Johnny Depp, George Bruns, Ted Elliott, Stuart Beattie, Gore Verbinski","Gross worldwide$654,264,546","Johnny Depp, Orlando Bloom, Geoffrey Rush"
222. La haine,1995,8.1 (209K),"Gangster, Psychological Drama, Crime, Drama","Mathieu Kassovitz, Hubert Koundé, Saïd Taghmaoui, Hubert, Bob Marley, Vincent Cassel","Gross worldwide$759,234","Saïd Taghmaoui, Vincent Cassel, Hubert Koundé"
223. Jai Bhim,2021,8.7 (224K),"Legal Drama, Crime, Drama","Suriya, Lijo Mol Jose, T.J. Gnanavel, Manikandan K., Rajendra Sapre, Chandru",Unknown,"Suriya, Lijo Mol Jose, Manikandan K."
224. Hotel Rwanda,2004,8.1 (382K),"Docudrama, Epic, Biography, Drama, History, War","Terry George, Chicco Twala, Joaquin Phoenix, Yvonne Chaka Chaka, Keir Pearson, Sophie Okonedo, Don Cheadle, Jack, Paul Rusesabagina, Attie Van Wyk","Gross worldwide$33,882,243","Don Cheadle, Joaquin Phoenix, Sophie Okonedo"
225. Platoon,1986,8.1 (453K),"Drama, War","Charlie Sheen, Samuel Barber, Chris Taylor, Willem Dafoe, Oliver Stone, Tom Berenger, Georges Delerue","Gross worldwide$138,545,632","Charlie Sheen, Willem Dafoe, Tom Berenger"
226. Before Sunset,2004,8.1 (300K),"Drama, Romance","Richard Linklater, Julie Delpy, Vernon Dobtcheff, Celine, Ethan Hawke","Gross worldwide$16,506,532","Julie Delpy, Ethan Hawke, Vernon Dobtcheff"
227. The Best Years of Our Lives,1946,8.1 (74K),"Epic, Feel-Good Romance, Drama, Romance, War","Dana Andrews, Ray Teal, MacKinlay Kantor, Myrna Loy, Robert E. Sherwood, William Wyler, Edgar Leslie, Lawrence Wright, Hoagy Carmichael, Fredric March, Harold Russell, Milly Stephenson","Gross worldwide$23,667,133","Dana Andrews, Fredric March, Myrna Loy"
228. The Exorcist,1973,8.1 (474K),"Body Horror, Supernatural Horror, Horror","Mercedes McCambridge, Demon, Jason Miller, Max von Sydow, Krzysztof Penderecki, Linda Blair, William Peter Blatty, Ellen Burstyn, William Friedkin, Father Karras","Gross worldwide$430,872,776","Ellen Burstyn, Max von Sydow, Linda Blair"
229. The Passion of Joan of Arc,1928,8.1 (64K),"Legal Drama, Period Drama, Psychological Drama, Tragedy, Biography, Drama, History","Carl Theodor Dreyer, Eugene Silvain, Maria Falconetti, Richard Einhorn, André Berley, Jeanne d'Arc, Joseph Delteil","Gross worldwide$22,731","Eugene Silvain, André Berley, Maria Falconetti"
230. The Wizard of Oz,1939,8.1 (448K),"Adventure Epic, Classic Musical, Fairy Tale, Fantasy Epic, Quest, Adventure, Family, Fantasy, Musical","Noel Langley, Florence Ryerson, Harold Arlen, Ray Bolger, E.Y. Harburg, Judy Garland, King Vidor, John Fricke, Edgar Allan Woolf, Frank Morgan, Margaret Hamilton, Victor Fleming, The Scarecrow, Dorothy","Gross worldwide$25,637,669","Frank Morgan, Ray Bolger, Judy Garland"
231. The Incredibles,2004,8.0 (848K),"Computer Animation, Superhero, Urban Adventure, Action, Adventure, Animation, Family","Samuel L. Jackson, Honey, Brad Bird, Holly Hunter, Jason Lee, Lucius, Craig T. Nelson","Gross worldwide$631,688,498","Samuel L. Jackson, Holly Hunter, Craig T. Nelson"
232. The Sound of Music,1965,8.1 (274K),"Classic Musical, Epic, Period Drama, Biography, Drama, Family, Musical, Romance","Richard Rodgers, Robert Wise, Howard Lindsay, Georg Hurdalek, Christopher Plummer, Eleanor Parker, Julie Andrews, Maria, Russel Crouse","Gross worldwide$159,484,051","Christopher Plummer, Eleanor Parker, Julie Andrews"
233. Rush,2013,8.1 (531K),"Docudrama, Motorsport, Period Drama, Biography, Drama, Sport","Earl King, Olivia Wilde, Chris Hemsworth, Peter Morgan, Niki Lauda, David Bartholomew, Dave Edmunds, Daniel Brühl, Ron Howard","Gross worldwide$96,992,516","Chris Hemsworth, Daniel Brühl, Olivia Wilde"
234. Hachi: A Dog's Tale,2009,8.1 (326K),"Animal Adventure, Biography, Drama, Family","Ken, Cary-Hiroyuki Tagawa, Kaneto Shindô, Lasse Hallström, Richard Gere, Joan Allen, Stephen P. Lindsey","Gross worldwide$46,749,646","Cary-Hiroyuki Tagawa, Richard Gere, Joan Allen"
235. Stand by Me,1986,8.1 (461K),"Coming-of-Age, Dark Comedy, Quest, Adventure, Comedy, Drama","Rob Reiner, Jerry Leiber, Mike Stoller, Stephen King, Corey Feldman, Bruce A. Evans, River Phoenix, Ben E. King, Raynold Gideon, Wil Wheaton, The Writer","Gross worldwide$53,525,035","Corey Feldman, River Phoenix, Wil Wheaton"
236. Demon Slayer: Kimetsu no Yaiba - Tsuzumi Mansion Arc,2021,8.5 (31K),"Anime, Action, Animation, Fantasy","Koyoharu Gotouge, Haruo Sotozaki","Gross worldwide$67,358",Unknown
237. Network,1976,8.1 (178K),"Dark Comedy, Workplace Drama, Drama","Howard Beale, William Holden, Sidney Lumet, Faye Dunaway, Paddy Chayefsky, Peter Finch","Gross worldwide$23,701,317","William Holden, Faye Dunaway, Peter Finch"
238. My Father and My Son,2005,8.2 (97K),"Drama, Family","Fikret Kuskan, Çetin Tekindor, Hümeyra, Deniz, Cihan Okan, Evanthia Reboutsika, Çagan Irmak","Gross worldwide$18,612,999","Çetin Tekindor, Fikret Kuskan, Hümeyra"
239. The Handmaiden,2016,8.1 (186K),"Dark Romance, Erotic Thriller, Psychological Thriller, Steamy Romance, Drama, Romance, Thriller","Park Chan-wook, Sarah Waters, Kim Min-hee, Ha Jung-woo, Chung Seo-kyung, Cho Jin-woong, Lady Hideko, Kim Tae-ri","Gross worldwide$37,863,670","Kim Min-hee, Ha Jung-woo, Cho Jin-woong"
240. The Iron Giant,1999,8.1 (242K),"Alien Invasion, Artificial Intelligence, Hand-Drawn Animation, High-Concept Comedy, Kaiju, Space Sci-Fi, Action, Adventure, Animation, Comedy","Harry Connick Jr., Hogarth Hughes, Jennifer Aniston, Jimmie Rodgers, Brad Bird, Tim McCanlies, Ted Hughes, Eli Marienthal, Bob Merrill, The Iron Giant","Gross worldwide$23,338,352","Eli Marienthal, Harry Connick Jr., Jennifer Aniston"
241. To Be or Not to Be,1942,8.1 (46K),"Screwball Comedy, Comedy, Romance, War","Joseph Tura, Ernst Lubitsch, Colonel Ehrhardt, Carole Lombard, Kazimierz Rudzki, Robert Stack, Melchior Lengyel, Frédéric Chopin, Edwin Justus Mayer, Jack Benny, Aleksandr Glazunov","Gross worldwide$4,578,000","Robert Stack, Carole Lombard, Jack Benny"
242. The Battle of Algiers,1966,8.1 (70K),"Docudrama, Political Drama, Drama, War","Tommaso Neri, Jean Martin, Johann Sebastian Bach, Franco Solinas, Samia Kerbash, Brahim Hadjadj, Franco Moruzzi, Yacef Saadi, Gillo Pontecorvo","Gross worldwide$962,002","Brahim Hadjadj, Jean Martin, Yacef Saadi"
243. Into the Wild,2007,8.1 (676K),"Coming-of-Age, Docudrama, Road Trip, Survival, Tragedy, Adventure, Biography, Drama","Jon Krakauer, Eddie Vedder, Sean Penn, Jim Gallien, Emile Hirsch, Christopher McCandless, Catherine Keener, Vince Vaughn","Gross worldwide$56,676,733","Catherine Keener, Vince Vaughn, Emile Hirsch"
244. The Grapes of Wrath,1940,8.1 (104K),Drama,"Nunnally Johnson, John Ford, Henry Fonda, Tom Joad, Ma Joad, John Steinbeck, Darryl F. Zanuck, John Carradine, Jane Darwell","Gross worldwide$7,304","Henry Fonda, John Carradine, Jane Darwell"
245. Groundhog Day,1993,8.0 (712K),"Feel-Good Romance, High-Concept Comedy, Holiday Comedy, Holiday Romance, Romantic Comedy, Comedy, Drama, Fantasy, Romance","Andie MacDowell, Phil, Harold Ramis, Danny Rubin, Bill Murray, Delbert McClinton, George Fenton, Chris Elliott","Gross worldwide$71,108,778","Bill Murray, Andie MacDowell, Chris Elliott"
246. A Silent Voice: The Movie,2016,8.1 (117K),"Anime, Coming-of-Age, Psychological Drama, Shōnen, Slice of Life, Animation, Drama","Saori Hayami, Naoko Yamada, Lexi Marman, Shoko Nishimiya, The Who, Miyu Irino, Miyoko Sahara, Yoshitoki Ôima, Pete Townshend, Aoi Yûki, Reiko Yoshida","Gross worldwide$30,819,442","Miyu Irino, Saori Hayami, Aoi Yûki"
247. The Help,2011,8.1 (510K),"Period Drama, Drama","Hilly Holbrook, Emma Stone, Jerry Leiber, Tate Taylor, Minny Jackson, Viola Davis, Billy Edd Wheeler, Kathryn Stockett, Johnny Cash, June Carter Cash, Octavia Spencer","Gross worldwide$221,802,186","Emma Stone, Octavia Spencer, Viola Davis"
248. Amores Perros,2000,8.0 (261K),"Tragedy, Drama, Thriller","Emilio Echevarría, Guillermo Arriaga, Alejandro G. Iñárritu, Gael García Bernal, El Chivo, Control Machete, Goya Toledo","Gross worldwide$20,908,467","Goya Toledo, Gael García Bernal, Emilio Echevarría"
249. Rebecca,1940,8.1 (153K),"Dark Romance, Psychological Drama, Psychological Thriller, Suspense Mystery, Drama, Mystery, Romance, Thriller","Laurence Olivier, Mrs. Danvers, The Second Mrs. de Winter, J.L. Molloy, Daphne Du Maurier, Joan Harrison, Robert E. Sherwood, Judith Anderson, George Sanders, Joan Fontaine, Alfred Hitchcock","Gross worldwide$113,328","Laurence Olivier, George Sanders, Joan Fontaine"
250. Gangs of Wasseypur,2012,8.2 (107K),"Gangster, Satire, True Crime, Action, Comedy, Crime, Drama, Thriller","Manoj Bajpayee, Tigmanshu Dhulia, Manoj Tiwari, Anurag Kashyap, Sachin K. Ladia, Nawazuddin Siddiqui, Sardar Khan, Sneha Khanwalkar, Akhilesh Jaiswal","Gross worldwide$4,384,642","Manoj Bajpayee, Nawazuddin Siddiqui, Tigmanshu Dhulia"
